ts,y
2009-01-12,7.0
2009-01-13,7.0
2009-01-14,1.0
2009-01-15,8.0
2009-01-16,2.0
2009-01-17,2.0
2009-01-18,1.0
2009-01-19,2.0
2009-01-20,1.0
2009-01-21,1.0
2009-01-22,1.0
2009-01-23,2.0
2009-01-24,1.0
2009-01-25,1.0
2009-01-26,1.0
2009-01-27,1.0
2009-01-28,1.0
2009-01-29,1.0
2009-01-30,1.0
2009-01-31,1.0
2009-02-01,1.0
2009-02-02,1.0
2009-02-03,16.0
2009-02-04,16.0
2009-02-05,16.0
2009-02-06,16.0
2009-02-07,4.0
2009-02-08,1.0
2009-02-09,1.0
2009-02-10,1.0
2009-02-11,2.0
2009-02-12,2.0
2009-02-13,2.0
2009-02-14,2.0
2009-02-15,3.0
2009-02-16,1.0
2009-02-17,1.0
2009-02-18,1.0
2009-02-19,1.0
2009-02-20,1.0
2009-02-21,1.0
2009-02-22,4.0
2009-02-23,4.0
2009-02-24,4.0
2009-02-25,4.0
2009-02-26,4.0
2009-02-27,1.0
2009-02-28,1.0
2009-03-01,1.0
2009-03-02,1.0
2009-03-03,2.0
2009-03-04,2.0
2009-03-05,1.0
2009-03-06,1.0
2009-03-07,1.0
2009-03-08,3.0
2009-03-09,3.0
2009-03-10,3.0
2009-03-11,3.0
2009-03-12,1.0
2009-03-13,1.0
2009-03-14,1.0
2009-03-15,1.0
2009-03-16,1.0
2009-03-17,1.0
2009-03-18,2.0
2009-03-19,2.0
2009-03-20,1.0
2009-03-21,1.0
2009-03-22,2.0
2009-03-23,2.0
2009-03-24,2.0
2009-03-25,2.0
2009-03-26,1.0
2009-03-27,1.0
2009-03-28,3.0
2009-03-29,3.0
2009-03-30,3.0
2009-03-31,1.0
2009-04-01,1.0
2009-04-02,1.0
2009-04-03,1.0
2009-04-04,1.0
2009-04-05,2.0
2009-04-06,2.0
2009-04-07,2.0
2009-04-08,2.0
2009-04-09,2.0
2009-04-10,2.0
2009-04-11,1.0
2009-04-12,2.0
2009-04-13,1.0
2009-04-14,1.0
2009-04-15,1.0
2009-04-16,1.0
2009-04-17,1.0
2009-04-18,4.0
2009-04-19,1.0
2009-04-20,2.0
2009-04-21,1.0
2009-04-22,1.0
2009-04-23,1.0
2009-04-24,1.0
2009-04-25,1.0
2009-04-26,2.0
2009-04-27,2.0
2009-04-28,2.0
2009-04-29,1.0
2009-04-30,1.0
2009-05-01,1.0
2009-05-02,2.0
2009-05-03,3.0
2009-05-04,1.0
2009-05-05,1.0
2009-05-06,1.0
2009-05-07,1.0
2009-05-08,1.0
2009-05-09,1.0
2009-05-10,1.0
2009-05-11,1.0
2009-05-12,1.0
2009-05-13,5.0
2009-05-14,3.0
2009-05-15,1.0
2009-05-16,1.0
2009-05-17,1.0
2009-05-18,1.0
2009-05-19,1.0
2009-05-20,1.0
2009-05-21,1.0
2009-05-22,1.0
2009-05-23,1.0
2009-05-24,1.0
2009-05-25,1.0
2009-05-26,1.0
2009-05-27,1.0
2009-05-28,1.0
2009-05-29,1.0
2009-05-30,1.0
2009-05-31,1.0
2009-06-01,1.0
2009-06-02,1.0
2009-06-03,1.0
2009-06-04,1.0
2009-06-05,1.0
2009-06-06,1.0
2009-06-07,1.0
2009-06-08,1.0
2009-06-09,1.0
2009-06-10,1.0
2009-06-11,1.0
2009-06-12,1.0
2009-06-13,1.0
2009-06-14,1.0
2009-06-15,1.0
2009-06-16,1.0
2009-06-17,1.0
2009-06-18,1.0
2009-06-19,1.0
2009-06-20,1.0
2009-06-21,1.0
2009-06-22,1.0
2009-06-23,1.0
2009-06-24,2.0
2009-06-25,1.0
2009-06-26,1.0
2009-06-27,1.0
2009-06-28,1.0
2009-06-29,1.0
2009-06-30,1.0
2009-07-01,1.0
2009-07-02,1.0
2009-07-03,1.0
2009-07-04,1.0
2009-07-05,1.0
2009-07-06,1.0
2009-07-07,1.0
2009-07-08,1.0
2009-07-09,1.0
2009-07-10,1.0
2009-07-11,1.0
2009-07-12,1.0
2009-07-13,1.0
2009-07-14,1.0
2009-07-15,1.0
2009-07-16,1.0
2009-07-17,1.0
2009-07-18,1.0
2009-07-19,1.0
2009-07-20,1.0
2009-07-21,1.0
2009-07-22,1.0
2009-07-23,1.0
2009-07-24,1.0
2009-07-25,1.0
2009-07-26,1.0
2009-07-27,1.0
2009-07-28,1.0
2009-07-29,1.0
2009-07-30,1.0
2009-07-31,1.0
2009-08-01,1.0
2009-08-02,1.0
2009-08-03,1.0
2009-08-04,1.0
2009-08-05,1.0
2009-08-06,1.0
2009-08-07,1.0
2009-08-08,1.0
2009-08-09,1.0
2009-08-10,1.0
2009-08-11,1.0
2009-08-12,1.0
2009-08-13,1.0
2009-08-14,1.0
2009-08-15,1.0
2009-08-16,1.0
2009-08-17,1.0
2009-08-18,1.0
2009-08-19,1.0
2009-08-20,1.0
2009-08-21,1.0
2009-08-22,1.0
2009-08-23,1.0
2009-08-24,1.0
2009-08-25,1.0
2009-08-26,3.0
2009-08-27,3.0
2009-08-28,3.0
2009-08-29,3.0
2009-08-30,1.0
2009-08-31,1.0
2009-09-01,1.0
2009-09-02,1.0
2009-09-03,1.0
2009-09-04,1.0
2009-09-05,1.0
2009-09-06,1.0
2009-09-07,1.0
2009-09-08,1.0
2009-09-09,1.0
2009-09-10,1.0
2009-09-11,1.0
2009-09-12,1.0
2009-09-13,1.0
2009-09-14,1.0
2009-09-15,1.0
2009-09-16,1.0
2009-09-17,1.0
2009-09-18,1.0
2009-09-19,1.0
2009-09-20,1.0
2009-09-21,1.0
2009-09-22,1.0
2009-09-23,1.0
2009-09-24,1.0
2009-09-25,2.0
2009-09-26,2.0
2009-09-27,1.0
2009-09-28,1.0
2009-09-29,2.0
2009-09-30,2.0
2009-10-01,2.0
2009-10-02,1.0
2009-10-03,1.0
2009-10-04,1.0
2009-10-05,1.0
2009-10-06,2.0
2009-10-07,2.0
2009-10-08,2.0
2009-10-09,2.0
2009-10-10,2.0
2009-10-11,2.0
2009-10-12,1.0
2009-10-13,1.0
2009-10-14,1.0
2009-10-15,1.0
2009-10-16,1.0
2009-10-17,1.0
2009-10-18,1.0
2009-10-19,1.0
2009-10-20,1.0
2009-10-21,1.0
2009-10-22,1.0
2009-10-23,1.0
2009-10-24,1.0
2009-10-25,1.0
2009-10-26,1.0
2009-10-27,1.0
2009-10-28,1.0
2009-10-29,2.0
2009-10-30,2.0
2009-10-31,2.0
2009-11-01,2.0
2009-11-02,2.0
2009-11-03,2.0
2009-11-04,1.0
2009-11-05,1.0
2009-11-06,1.0
2009-11-07,1.0
2009-11-08,1.0
2009-11-09,1.0
2009-11-10,1.0
2009-11-11,9.0
2009-11-12,9.0
2009-11-13,3.0
2009-11-14,3.0
2009-11-15,3.0
2009-11-16,3.0
2009-11-17,3.0
2009-11-18,3.0
2009-11-19,2.0
2009-11-20,2.0
2009-11-21,2.0
2009-11-22,2.0
2009-11-23,2.0
2009-11-24,2.0
2009-11-25,2.0
2009-11-26,2.0
2009-11-27,2.0
2009-11-28,2.0
2009-11-29,2.0
2009-11-30,2.0
2009-12-01,1.0
2009-12-02,1.0
2009-12-03,1.0
2009-12-04,1.0
2009-12-05,1.0
2009-12-06,2.0
2009-12-07,2.0
2009-12-08,2.0
2009-12-09,13.0
2009-12-10,13.0
2009-12-11,13.0
2009-12-12,2.0
2009-12-13,2.0
2009-12-14,5.0
2009-12-15,2.0
2009-12-16,1.0
2009-12-17,3.0
2009-12-18,3.0
2009-12-19,1.0
2009-12-20,1.0
2009-12-21,1.0
2009-12-22,1.0
2009-12-23,1.0
2009-12-24,1.0
2009-12-25,1.0
2009-12-26,1.0
2009-12-27,1.0
2009-12-28,1.0
2009-12-29,1.0
2009-12-30,1.0
2009-12-31,1.0
2010-01-01,2.0
2010-01-02,2.0
2010-01-03,2.0
2010-01-04,2.0
2010-01-05,2.0
2010-01-06,2.0
2010-01-07,2.0
2010-01-08,2.0
2010-01-09,2.0
2010-01-10,2.0
2010-01-11,2.0
2010-01-12,2.0
2010-01-13,2.0
2010-01-14,2.0
2010-01-15,1.0
2010-01-16,1.0
2010-01-17,1.0
2010-01-18,1.0
2010-01-19,1.0
2010-01-20,1.0
2010-01-21,9.0
2010-01-22,3.0
2010-01-23,2.0
2010-01-24,1.0
2010-01-25,4.0
2010-01-26,6.0
2010-01-27,2.0
2010-01-28,2.0
2010-01-29,4.0
2010-01-30,4.0
2010-01-31,2.0
2010-02-01,9.0
2010-02-02,1.0
2010-02-03,2.0
2010-02-04,5.0
2010-02-05,4.0
2010-02-06,14.0
2010-02-07,5.0
2010-02-08,8.0
2010-02-09,3.0
2010-02-10,5.0
2010-02-11,5.0
2010-02-12,5.0
2010-02-13,3.0
2010-02-14,11.0
2010-02-15,9.0
2010-02-16,6.0
2010-02-17,11.0
2010-02-18,7.0
2010-02-19,3.0
2010-02-20,2.0
2010-02-21,4.0
2010-02-22,5.0
2010-02-23,1.0
2010-02-24,6.0
2010-02-25,4.0
2010-02-26,4.0
2010-02-27,3.0
2010-02-28,3.0
2010-03-01,4.0
2010-03-02,5.0
2010-03-03,6.0
2010-03-04,3.0
2010-03-05,2.0
2010-03-06,6.0
2010-03-07,4.0
2010-03-08,5.0
2010-03-09,2.0
2010-03-10,7.0
2010-03-11,3.0
2010-03-12,2.0
2010-03-13,1.0
2010-03-14,2.0
2010-03-15,5.0
2010-03-16,3.0
2010-03-17,3.0
2010-03-18,9.0
2010-03-19,9.0
2010-03-20,12.0
2010-03-21,7.0
2010-03-22,7.0
2010-03-23,13.0
2010-03-24,11.0
2010-03-25,15.0
2010-03-26,16.0
2010-03-27,6.0
2010-03-28,6.0
2010-03-29,12.0
2010-03-30,6.0
2010-03-31,5.0
2010-04-01,11.0
2010-04-02,5.0
2010-04-03,5.0
2010-04-04,12.0
2010-04-05,28.0
2010-04-06,15.0
2010-04-07,11.0
2010-04-08,12.0
2010-04-09,35.0
2010-04-10,38.0
2010-04-11,42.0
2010-04-12,44.0
2010-04-13,20.0
2010-04-14,43.0
2010-04-15,74.0
2010-04-16,32.0
2010-04-17,29.0
2010-04-18,3106.0
2010-04-19,44.0
2010-04-20,38.0
2010-04-21,32.0
2010-04-22,40.0
2010-04-23,50.0
2010-04-24,34.0
2010-04-25,47.0
2010-04-26,47.0
2010-04-27,53.0
2010-04-28,47.0
2010-04-29,33.0
2010-04-30,26.0
2010-05-01,27.0
2010-05-02,25.0
2010-05-03,29.0
2010-05-04,41.0
2010-05-05,25.0
2010-05-06,28.0
2010-05-07,26.0
2010-05-08,28.0
2010-05-09,40.0
2010-05-10,29.0
2010-05-11,19.0
2010-05-12,32.0
2010-05-13,39.0
2010-05-14,30.0
2010-05-15,22.0
2010-05-16,20.0
2010-05-17,35.0
2010-05-18,55.0
2010-05-19,43.0
2010-05-20,34.0
2010-05-21,59.0
2010-05-22,31.0
2010-05-23,98.0
2010-05-24,62.0
2010-05-25,44.0
2010-05-26,64.0
2010-05-27,75.0
2010-05-28,54.0
2010-05-29,55.0
2010-05-30,51.0
2010-05-31,52.0
2010-06-01,48.0
2010-06-02,47.0
2010-06-03,83.0
2010-06-04,48.0
2010-06-05,45.0
2010-06-06,52.0
2010-06-07,52.0
2010-06-08,63.0
2010-06-09,52.0
2010-06-10,57.0
2010-06-11,79.0
2010-06-12,78.0
2010-06-13,67.0
2010-06-14,96.0
2010-06-15,85.0
2010-06-16,50.0
2010-06-17,58.0
2010-06-18,43.0
2010-06-19,64.0
2010-06-20,43.0
2010-06-21,88.0
2010-06-22,71.0
2010-06-23,70.0
2010-06-24,71.0
2010-06-25,60.0
2010-06-26,42.0
2010-06-27,56.0
2010-06-28,78.0
2010-06-29,95.0
2010-06-30,91.0
2010-07-01,73.0
2010-07-02,74.0
2010-07-03,74.0
2010-07-04,58.0
2010-07-05,73.0
2010-07-06,39.0
2010-07-07,62.0
2010-07-08,72.0
2010-07-09,69.0
2010-07-10,42.0
2010-07-11,174.0
2010-07-12,1641.0
2010-07-13,787.0
2010-07-14,5554.0
2010-07-15,706.0
2010-07-16,676.0
2010-07-17,235.0
2010-07-18,248.0
2010-07-19,354.0
2010-07-20,413.0
2010-07-21,256.0
2010-07-22,221.0
2010-07-23,217.0
2010-07-24,705.0
2010-07-25,1592.0
2010-07-26,224.0
2010-07-27,260.0
2010-07-28,1792.0
2010-07-29,1687.0
2010-07-30,143.0
2010-07-31,92.0
2010-08-01,125.0
2010-08-02,156.0
2010-08-03,421.0
2010-08-04,196.0
2010-08-05,297.0
2010-08-06,212.0
2010-08-07,118.0
2010-08-08,192.0
2010-08-09,234.0
2010-08-10,149.0
2010-08-11,179.0
2010-08-12,175.0
2010-08-13,301.0
2010-08-14,153.0
2010-08-15,108.0
2010-08-16,306.0
2010-08-17,189.0
2010-08-18,244.0
2010-08-19,190.0
2010-08-20,230.0
2010-08-21,169.0
2010-08-22,154.0
2010-08-23,156.0
2010-08-24,164.0
2010-08-25,149.0
2010-08-26,158.0
2010-08-27,123.0
2010-08-28,169.0
2010-08-29,98.0
2010-08-30,180.0
2010-08-31,257.0
2010-09-01,223.0
2010-09-02,165.0
2010-09-03,155.0
2010-09-04,93.0
2010-09-05,146.0
2010-09-06,120.0
2010-09-07,122.0
2010-09-08,174.0
2010-09-09,189.0
2010-09-10,183.0
2010-09-11,145.0
2010-09-12,202.0
2010-09-13,265.0
2010-09-14,221.0
2010-09-15,261.0
2010-09-16,219.0
2010-09-17,153.0
2010-09-18,162.0
2010-09-19,146.0
2010-09-20,262.0
2010-09-21,638.0
2010-09-22,499.0
2010-09-23,421.0
2010-09-24,273.0
2010-09-25,325.0
2010-09-26,195.0
2010-09-27,374.0
2010-09-28,279.0
2010-09-29,811.0
2010-09-30,219.0
2010-10-01,430.0
2010-10-02,401.0
2010-10-03,255.0
2010-10-04,254.0
2010-10-05,245.0
2010-10-06,236.0
2010-10-07,180.0
2010-10-08,209.0
2010-10-09,243.0
2010-10-10,185.0
2010-10-11,183.0
2010-10-12,197.0
2010-10-13,188.0
2010-10-14,162.0
2010-10-15,151.0
2010-10-16,183.0
2010-10-17,187.0
2010-10-18,330.0
2010-10-19,668.0
2010-10-20,449.0
2010-10-21,366.0
2010-10-22,448.0
2010-10-23,342.0
2010-10-24,347.0
2010-10-25,207.0
2010-10-26,277.0
2010-10-27,355.0
2010-10-28,267.0
2010-10-29,244.0
2010-10-30,174.0
2010-10-31,128.0
2010-11-01,174.0
2010-11-02,110.0
2010-11-03,157.0
2010-11-04,141.0
2010-11-05,223.0
2010-11-06,176.0
2010-11-07,210.0
2010-11-08,240.0
2010-11-09,192.0
2010-11-10,194.0
2010-11-11,176.0
2010-11-12,117.0
2010-11-13,120.0
2010-11-14,160.0
2010-11-15,4671.0
2010-11-16,8908.0
2010-11-17,188.0
2010-11-18,1237.0
2010-11-19,9482.0
2010-11-20,9615.0
2010-11-21,9904.0
2010-11-22,180.0
2010-11-23,201.0
2010-11-24,3759.0
2010-11-25,4802.0
2010-11-26,1120.0
2010-11-27,265.0
2010-11-28,282.0
2010-11-29,245.0
2010-11-30,252.0
2010-12-01,324.0
2010-12-02,272.0
2010-12-03,195.0
2010-12-04,189.0
2010-12-05,195.0
2010-12-06,224.0
2010-12-07,334.0
2010-12-08,285.0
2010-12-09,263.0
2010-12-10,226.0
2010-12-11,375.0
2010-12-12,472.0
2010-12-13,505.0
2010-12-14,482.0
2010-12-15,446.0
2010-12-16,358.0
2010-12-17,296.0
2010-12-18,338.0
2010-12-19,367.0
2010-12-20,773.0
2010-12-21,434.0
2010-12-22,502.0
2010-12-23,374.0
2010-12-24,383.0
2010-12-25,466.0
2010-12-26,439.0
2010-12-27,360.0
2010-12-28,492.0
2010-12-29,348.0
2010-12-30,424.0
2010-12-31,393.0
2011-01-01,478.0
2011-01-02,394.0
2011-01-03,972.0
2011-01-04,838.0
2011-01-05,1156.0
2011-01-06,553.0
2011-01-07,856.0
2011-01-08,1266.0
2011-01-09,1060.0
2011-01-10,1150.0
2011-01-11,1190.0
2011-01-12,995.0
2011-01-13,1078.0
2011-01-14,1081.0
2011-01-15,805.0
2011-01-16,757.0
2011-01-17,649.0
2011-01-18,677.0
2011-01-19,748.0
2011-01-20,738.0
2011-01-21,992.0
2011-01-22,1257.0
2011-01-23,911.0
2011-01-24,1131.0
2011-01-25,733.0
2011-01-26,825.0
2011-01-27,681.0
2011-01-28,923.0
2011-01-29,1186.0
2011-01-30,2436.0
2011-01-31,1223.0
2011-02-01,849.0
2011-02-02,738.0
2011-02-03,629.0
2011-02-04,760.0
2011-02-05,653.0
2011-02-06,732.0
2011-02-07,689.0
2011-02-08,678.0
2011-02-09,1035.0
2011-02-10,1848.0
2011-02-11,2169.0
2011-02-12,1716.0
2011-02-13,1624.0
2011-02-14,1810.0
2011-02-15,1999.0
2011-02-16,1858.0
2011-02-17,2019.0
2011-02-18,1844.0
2011-02-19,1422.0
2011-02-20,1741.0
2011-02-21,1776.0
2011-02-22,1985.0
2011-02-23,2020.0
2011-02-24,1902.0
2011-02-25,1835.0
2011-02-26,1676.0
2011-02-27,2025.0
2011-02-28,1570.0
2011-03-01,2599.0
2011-03-02,1841.0
2011-03-03,3018.0
2011-03-04,1761.0
2011-03-05,1771.0
2011-03-06,1757.0
2011-03-07,1715.0
2011-03-08,2253.0
2011-03-09,1674.0
2011-03-10,1551.0
2011-03-11,1754.0
2011-03-12,2816.0
2011-03-13,2594.0
2011-03-14,2531.0
2011-03-15,2742.0
2011-03-16,3047.0
2011-03-17,3226.0
2011-03-18,2251.0
2011-03-19,3074.0
2011-03-20,3939.0
2011-03-21,5707.0
2011-03-22,2119.0
2011-03-23,4413.0
2011-03-24,2012.0
2011-03-25,1826.0
2011-03-26,3197.0
2011-03-27,2320.0
2011-03-28,2763.0
2011-03-29,2555.0
2011-03-30,1600.0
2011-03-31,1894.0
2011-04-01,1403.0
2011-04-02,1592.0
2011-04-03,1630.0
2011-04-04,2131.0
2011-04-05,1925.0
2011-04-06,1716.0
2011-04-07,1530.0
2011-04-08,1601.0
2011-04-09,1577.0
2011-04-10,1571.0
2011-04-11,1780.0
2011-04-12,1914.0
2011-04-13,2177.0
2011-04-14,2721.0
2011-04-15,1882.0
2011-04-16,1981.0
2011-04-17,2077.0
2011-04-18,2887.0
2011-04-19,3444.0
2011-04-20,2825.0
2011-04-21,1768.0
2011-04-22,1921.0
2011-04-23,2138.0
2011-04-24,2111.0
2011-04-25,2400.0
2011-04-26,3260.0
2011-04-27,4397.0
2011-04-28,2871.0
2011-04-29,3334.0
2011-04-30,4284.0
2011-05-01,3770.0
2011-05-02,2898.0
2011-05-03,2739.0
2011-05-04,2603.0
2011-05-05,3245.0
2011-05-06,3072.0
2011-05-07,3673.0
2011-05-08,2679.0
2011-05-09,3277.0
2011-05-10,2968.0
2011-05-11,2899.0
2011-05-12,3192.0
2011-05-13,3857.0
2011-05-14,4172.0
2011-05-15,3550.0
2011-05-16,4102.0
2011-05-17,4207.0
2011-05-18,5293.0
2011-05-19,4492.0
2011-05-20,4575.0
2011-05-21,4744.0
2011-05-22,5030.0
2011-05-23,5459.0
2011-05-24,5566.0
2011-05-25,5951.0
2011-05-26,6671.0
2011-05-27,4686.0
2011-05-28,4858.0
2011-05-29,4573.0
2011-05-30,5183.0
2011-05-31,5913.0
2011-06-01,6352.0
2011-06-02,6946.0
2011-06-03,8239.0
2011-06-04,8587.0
2011-06-05,8384.0
2011-06-06,9470.0
2011-06-07,8832.0
2011-06-08,11630.0
2011-06-09,11954.0
2011-06-10,11046.0
2011-06-11,10645.0
2011-06-12,12207.0
2011-06-13,11019.0
2011-06-14,13911.0
2011-06-15,12326.0
2011-06-16,12566.0
2011-06-17,11110.0
2011-06-18,11366.0
2011-06-19,11249.0
2011-06-20,10991.0
2011-06-21,9451.0
2011-06-22,11259.0
2011-06-23,10178.0
2011-06-24,10706.0
2011-06-25,9550.0
2011-06-26,9836.0
2011-06-27,11582.0
2011-06-28,10559.0
2011-06-29,9830.0
2011-06-30,9445.0
2011-07-01,10430.0
2011-07-02,7849.0
2011-07-03,8199.0
2011-07-04,9434.0
2011-07-05,8826.0
2011-07-06,10362.0
2011-07-07,9049.0
2011-07-08,8363.0
2011-07-09,7702.0
2011-07-10,8255.0
2011-07-11,10366.0
2011-07-12,8006.0
2011-07-13,9002.0
2011-07-14,8572.0
2011-07-15,7836.0
2011-07-16,8719.0
2011-07-17,8209.0
2011-07-18,8806.0
2011-07-19,9043.0
2011-07-20,8714.0
2011-07-21,8011.0
2011-07-22,8840.0
2011-07-23,7269.0
2011-07-24,8053.0
2011-07-25,9320.0
2011-07-26,8194.0
2011-07-27,7821.0
2011-07-28,7964.0
2011-07-29,7151.0
2011-07-30,6057.0
2011-07-31,7924.0
2011-08-01,8030.0
2011-08-02,8663.0
2011-08-03,7580.0
2011-08-04,8178.0
2011-08-05,7220.0
2011-08-06,6712.0
2011-08-07,6584.0
2011-08-08,7131.0
2011-08-09,9073.0
2011-08-10,8183.0
2011-08-11,7459.0
2011-08-12,7034.0
2011-08-13,7268.0
2011-08-14,7339.0
2011-08-15,8250.0
2011-08-16,9493.0
2011-08-17,7586.0
2011-08-18,7271.0
2011-08-19,7483.0
2011-08-20,7039.0
2011-08-21,7507.0
2011-08-22,7646.0
2011-08-23,7122.0
2011-08-24,7233.0
2011-08-25,7106.0
2011-08-26,7274.0
2011-08-27,6239.0
2011-08-28,5473.0
2011-08-29,7956.0
2011-08-30,7658.0
2011-08-31,7137.0
2011-09-01,7074.0
2011-09-02,6870.0
2011-09-03,5780.0
2011-09-04,7124.0
2011-09-05,6883.0
2011-09-06,7679.0
2011-09-07,6954.0
2011-09-08,6368.0
2011-09-09,7222.0
2011-09-10,5860.0
2011-09-11,6318.0
2011-09-12,6442.0
2011-09-13,6377.0
2011-09-14,6054.0
2011-09-15,6318.0
2011-09-16,6090.0
2011-09-17,5320.0
2011-09-18,5828.0
2011-09-19,6526.0
2011-09-20,8005.0
2011-09-21,7538.0
2011-09-22,5991.0
2011-09-23,6195.0
2011-09-24,5599.0
2011-09-25,5585.0
2011-09-26,5505.0
2011-09-27,5968.0
2011-09-28,5870.0
2011-09-29,5464.0
2011-09-30,5743.0
2011-10-01,5231.0
2011-10-02,4914.0
2011-10-03,6376.0
2011-10-04,5697.0
2011-10-05,5626.0
2011-10-06,5784.0
2011-10-07,5536.0
2011-10-08,5283.0
2011-10-09,5330.0
2011-10-10,5759.0
2011-10-11,5837.0
2011-10-12,5829.0
2011-10-13,4887.0
2011-10-14,5972.0
2011-10-15,5445.0
2011-10-16,4862.0
2011-10-17,5663.0
2011-10-18,4743.0
2011-10-19,4997.0
2011-10-20,4534.0
2011-10-21,5085.0
2011-10-22,5016.0
2011-10-23,5500.0
2011-10-24,5807.0
2011-10-25,5097.0
2011-10-26,5155.0
2011-10-27,4577.0
2011-10-28,5013.0
2011-10-29,5483.0
2011-10-30,4869.0
2011-10-31,5051.0
2011-11-01,5627.0
2011-11-02,5837.0
2011-11-03,6128.0
2011-11-04,6393.0
2011-11-05,5782.0
2011-11-06,4890.0
2011-11-07,5364.0
2011-11-08,5845.0
2011-11-09,6287.0
2011-11-10,6400.0
2011-11-11,4974.0
2011-11-12,4984.0
2011-11-13,5230.0
2011-11-14,5765.0
2011-11-15,5941.0
2011-11-16,5913.0
2011-11-17,4820.0
2011-11-18,5036.0
2011-11-19,4601.0
2011-11-20,4982.0
2011-11-21,4652.0
2011-11-22,5351.0
2011-11-23,5464.0
2011-11-24,4905.0
2011-11-25,5351.0
2011-11-26,4632.0
2011-11-27,4947.0
2011-11-28,5803.0
2011-11-29,6276.0
2011-11-30,6695.0
2011-12-01,6170.0
2011-12-02,6172.0
2011-12-03,5479.0
2011-12-04,5249.0
2011-12-05,6079.0
2011-12-06,7807.0
2011-12-07,5997.0
2011-12-08,5656.0
2011-12-09,5441.0
2011-12-10,5534.0
2011-12-11,5109.0
2011-12-12,4735.0
2011-12-13,5274.0
2011-12-14,5539.0
2011-12-15,4738.0
2011-12-16,5046.0
2011-12-17,4843.0
2011-12-18,4488.0
2011-12-19,5685.0
2011-12-20,6161.0
2011-12-21,5428.0
2011-12-22,5711.0
2011-12-23,5540.0
2011-12-24,4513.0
2011-12-25,5112.0
2011-12-26,5464.0
2011-12-27,5066.0
2011-12-28,4845.0
2011-12-29,5074.0
2011-12-30,4909.0
2011-12-31,4986.0
2012-01-01,4848.0
2012-01-02,5259.0
2012-01-03,5614.0
2012-01-04,5582.0
2012-01-05,6847.0
2012-01-06,6473.0
2012-01-07,5721.0
2012-01-08,6241.0
2012-01-09,5948.0
2012-01-10,6536.0
2012-01-11,6986.0
2012-01-12,6541.0
2012-01-13,6707.0
2012-01-14,6657.0
2012-01-15,6173.0
2012-01-16,6799.0
2012-01-17,6595.0
2012-01-18,6519.0
2012-01-19,6752.0
2012-01-20,6635.0
2012-01-21,6202.0
2012-01-22,5189.0
2012-01-23,5930.0
2012-01-24,7129.0
2012-01-25,7813.0
2012-01-26,6460.0
2012-01-27,6196.0
2012-01-28,5765.0
2012-01-29,6259.0
2012-01-30,5981.0
2012-01-31,6775.0
2012-02-01,6361.0
2012-02-02,7005.0
2012-02-03,6892.0
2012-02-04,7080.0
2012-02-05,6632.0
2012-02-06,5990.0
2012-02-07,6875.0
2012-02-08,6879.0
2012-02-09,7343.0
2012-02-10,8318.0
2012-02-11,7529.0
2012-02-12,6872.0
2012-02-13,7855.0
2012-02-14,9351.0
2012-02-15,9203.0
2012-02-16,9399.0
2012-02-17,6626.0
2012-02-18,6345.0
2012-02-19,5800.0
2012-02-20,6199.0
2012-02-21,6291.0
2012-02-22,7035.0
2012-02-23,7848.0
2012-02-24,6781.0
2012-02-25,6141.0
2012-02-26,5671.0
2012-02-27,6581.0
2012-02-28,6565.0
2012-02-29,6540.0
2012-03-01,6660.0
2012-03-02,7511.0
2012-03-03,5074.0
2012-03-04,6454.0
2012-03-05,6834.0
2012-03-06,6231.0
2012-03-07,6481.0
2012-03-08,6481.0
2012-03-09,6334.0
2012-03-10,5205.0
2012-03-11,5089.0
2012-03-12,5975.0
2012-03-13,7235.0
2012-03-14,6758.0
2012-03-15,6163.0
2012-03-16,6782.0
2012-03-17,6706.0
2012-03-18,5879.0
2012-03-19,6509.0
2012-03-20,6674.0
2012-03-21,6842.0
2012-03-22,6429.0
2012-03-23,6030.0
2012-03-24,6191.0
2012-03-25,6055.0
2012-03-26,6468.0
2012-03-27,6510.0
2012-03-28,7089.0
2012-03-29,7377.0
2012-03-30,6674.0
2012-03-31,6022.0
2012-04-01,5421.0
2012-04-02,6356.0
2012-04-03,7606.0
2012-04-04,7006.0
2012-04-05,6911.0
2012-04-06,6563.0
2012-04-07,5951.0
2012-04-08,5765.0
2012-04-09,6471.0
2012-04-10,8321.0
2012-04-11,7717.0
2012-04-12,8163.0
2012-04-13,6918.0
2012-04-14,7888.0
2012-04-15,7264.0
2012-04-16,8427.0
2012-04-17,7670.0
2012-04-18,8450.0
2012-04-19,7743.0
2012-04-20,8131.0
2012-04-21,7047.0
2012-04-22,6214.0
2012-04-23,6969.0
2012-04-24,7522.0
2012-04-25,7430.0
2012-04-26,9944.0
2012-04-27,7060.0
2012-04-28,7275.0
2012-04-29,7550.0
2012-04-30,9234.0
2012-05-01,10038.0
2012-05-02,9828.0
2012-05-03,13845.0
2012-05-04,13937.0
2012-05-05,12831.0
2012-05-06,10986.0
2012-05-07,18077.0
2012-05-08,17543.0
2012-05-09,17079.0
2012-05-10,11653.0
2012-05-11,18918.0
2012-05-12,18198.0
2012-05-13,14597.0
2012-05-14,28210.0
2012-05-15,22105.0
2012-05-16,17957.0
2012-05-17,16819.0
2012-05-18,24336.0
2012-05-19,35255.0
2012-05-20,31322.0
2012-05-21,31478.0
2012-05-22,23365.0
2012-05-23,27302.0
2012-05-24,26464.0
2012-05-25,28878.0
2012-05-26,23137.0
2012-05-27,26288.0
2012-05-28,29746.0
2012-05-29,29690.0
2012-05-30,25449.0
2012-05-31,20875.0
2012-06-01,26917.0
2012-06-02,12640.0
2012-06-03,33448.0
2012-06-04,45783.0
2012-06-05,44217.0
2012-06-06,15784.0
2012-06-07,33064.0
2012-06-08,23756.0
2012-06-09,32879.0
2012-06-10,40555.0
2012-06-11,32391.0
2012-06-12,18087.0
2012-06-13,56644.0
2012-06-14,61782.0
2012-06-15,54827.0
2012-06-16,43126.0
2012-06-17,43745.0
2012-06-18,38896.0
2012-06-19,35815.0
2012-06-20,32101.0
2012-06-21,26646.0
2012-06-22,23427.0
2012-06-23,22139.0
2012-06-24,22261.0
2012-06-25,28559.0
2012-06-26,30086.0
2012-06-27,30712.0
2012-06-28,26385.0
2012-06-29,22731.0
2012-06-30,22486.0
2012-07-01,19134.0
2012-07-02,24995.0
2012-07-03,22507.0
2012-07-04,23014.0
2012-07-05,21499.0
2012-07-06,23761.0
2012-07-07,25449.0
2012-07-08,20646.0
2012-07-09,24966.0
2012-07-10,34930.0
2012-07-11,31116.0
2012-07-12,24153.0
2012-07-13,24393.0
2012-07-14,22626.0
2012-07-15,26205.0
2012-07-16,31229.0
2012-07-17,35029.0
2012-07-18,32433.0
2012-07-19,30900.0
2012-07-20,36646.0
2012-07-21,34452.0
2012-07-22,34705.0
2012-07-23,32557.0
2012-07-24,28208.0
2012-07-25,27167.0
2012-07-26,30538.0
2012-07-27,26977.0
2012-07-28,35077.0
2012-07-29,34317.0
2012-07-30,34219.0
2012-07-31,41377.0
2012-08-01,30404.0
2012-08-02,33046.0
2012-08-03,27618.0
2012-08-04,28854.0
2012-08-05,33144.0
2012-08-06,35260.0
2012-08-07,29439.0
2012-08-08,40002.0
2012-08-09,29772.0
2012-08-10,28219.0
2012-08-11,32971.0
2012-08-12,34477.0
2012-08-13,48712.0
2012-08-14,34349.0
2012-08-15,52802.0
2012-08-16,46323.0
2012-08-17,40416.0
2012-08-18,37011.0
2012-08-19,36769.0
2012-08-20,35663.0
2012-08-21,42242.0
2012-08-22,37718.0
2012-08-23,31653.0
2012-08-24,32127.0
2012-08-25,33301.0
2012-08-26,29341.0
2012-08-27,32951.0
2012-08-28,29687.0
2012-08-29,34041.0
2012-08-30,33760.0
2012-08-31,40484.0
2012-09-01,40613.0
2012-09-02,33424.0
2012-09-03,38081.0
2012-09-04,39793.0
2012-09-05,40955.0
2012-09-06,42619.0
2012-09-07,33315.0
2012-09-08,31028.0
2012-09-09,31305.0
2012-09-10,33482.0
2012-09-11,38080.0
2012-09-12,27941.0
2012-09-13,28895.0
2012-09-14,35956.0
2012-09-15,27104.0
2012-09-16,28254.0
2012-09-17,24278.0
2012-09-18,32654.0
2012-09-19,32090.0
2012-09-20,31130.0
2012-09-21,30178.0
2012-09-22,21857.0
2012-09-23,27841.0
2012-09-24,29037.0
2012-09-25,24038.0
2012-09-26,32273.0
2012-09-27,28186.0
2012-09-28,32610.0
2012-09-29,23824.0
2012-09-30,20509.0
2012-10-01,24596.0
2012-10-02,32732.0
2012-10-03,26536.0
2012-10-04,32484.0
2012-10-05,36235.0
2012-10-06,32517.0
2012-10-07,34601.0
2012-10-08,38033.0
2012-10-09,35308.0
2012-10-10,31077.0
2012-10-11,27546.0
2012-10-12,28544.0
2012-10-13,32942.0
2012-10-14,27287.0
2012-10-15,30829.0
2012-10-16,34378.0
2012-10-17,31671.0
2012-10-18,28100.0
2012-10-19,25218.0
2012-10-20,30284.0
2012-10-21,40672.0
2012-10-22,42997.0
2012-10-23,31901.0
2012-10-24,32032.0
2012-10-25,26855.0
2012-10-26,21762.0
2012-10-27,16138.0
2012-10-28,17799.0
2012-10-29,21342.0
2012-10-30,30604.0
2012-10-31,27611.0
2012-11-01,23501.0
2012-11-02,28847.0
2012-11-03,23753.0
2012-11-04,24147.0
2012-11-05,32024.0
2012-11-06,31851.0
2012-11-07,36323.0
2012-11-08,32261.0
2012-11-09,25005.0
2012-11-10,26965.0
2012-11-11,23408.0
2012-11-12,23771.0
2012-11-13,26991.0
2012-11-14,29758.0
2012-11-15,37468.0
2012-11-16,39301.0
2012-11-17,32398.0
2012-11-18,33990.0
2012-11-19,36777.0
2012-11-20,36711.0
2012-11-21,38914.0
2012-11-22,30756.0
2012-11-23,32184.0
2012-11-24,29567.0
2012-11-25,36590.0
2012-11-26,35741.0
2012-11-27,27484.0
2012-11-28,37084.0
2012-11-29,37257.0
2012-11-30,29633.0
2012-12-01,33325.0
2012-12-02,20463.0
2012-12-03,21512.0
2012-12-04,32244.0
2012-12-05,33622.0
2012-12-06,37026.0
2012-12-07,32016.0
2012-12-08,33036.0
2012-12-09,31933.0
2012-12-10,36078.0
2012-12-11,36635.0
2012-12-12,36606.0
2012-12-13,42384.0
2012-12-14,38908.0
2012-12-15,32249.0
2012-12-16,35365.0
2012-12-17,40906.0
2012-12-18,49687.0
2012-12-19,44623.0
2012-12-20,35816.0
2012-12-21,44454.0
2012-12-22,51105.0
2012-12-23,36616.0
2012-12-24,35979.0
2012-12-25,28619.0
2012-12-26,36432.0
2012-12-27,43631.0
2012-12-28,46936.0
2012-12-29,37966.0
2012-12-30,45281.0
2012-12-31,29906.0
2013-01-01,31734.0
2013-01-02,39280.0
2013-01-03,42147.0
2013-01-04,48436.0
2013-01-05,39455.0
2013-01-06,32881.0
2013-01-07,40120.0
2013-01-08,38491.0
2013-01-09,43060.0
2013-01-10,52392.0
2013-01-11,52632.0
2013-01-12,45549.0
2013-01-13,49308.0
2013-01-14,44403.0
2013-01-15,44901.0
2013-01-16,53498.0
2013-01-17,47989.0
2013-01-18,49018.0
2013-01-19,56016.0
2013-01-20,41241.0
2013-01-21,40309.0
2013-01-22,43608.0
2013-01-23,46552.0
2013-01-24,46065.0
2013-01-25,48374.0
2013-01-26,52210.0
2013-01-27,55262.0
2013-01-28,52033.0
2013-01-29,51545.0
2013-01-30,41066.0
2013-01-31,51440.0
2013-02-01,59235.0
2013-02-02,54312.0
2013-02-03,60978.0
2013-02-04,54841.0
2013-02-05,53253.0
2013-02-06,42409.0
2013-02-07,61083.0
2013-02-08,60770.0
2013-02-09,57607.0
2013-02-10,56282.0
2013-02-11,57435.0
2013-02-12,58412.0
2013-02-13,58919.0
2013-02-14,50777.0
2013-02-15,55468.0
2013-02-16,51244.0
2013-02-17,49447.0
2013-02-18,50213.0
2013-02-19,54360.0
2013-02-20,59555.0
2013-02-21,55740.0
2013-02-22,62001.0
2013-02-23,57722.0
2013-02-24,57008.0
2013-02-25,66940.0
2013-02-26,63272.0
2013-02-27,60756.0
2013-02-28,62853.0
2013-03-01,64383.0
2013-03-02,55680.0
2013-03-03,54298.0
2013-03-04,63865.0
2013-03-05,56729.0
2013-03-06,62605.0
2013-03-07,66610.0
2013-03-08,55697.0
2013-03-09,55377.0
2013-03-10,73661.0
2013-03-11,59125.0
2013-03-12,48349.0
2013-03-13,56533.0
2013-03-14,57890.0
2013-03-15,62604.0
2013-03-16,34012.0
2013-03-17,35139.0
2013-03-18,43295.0
2013-03-19,45938.0
2013-03-20,46065.0
2013-03-21,55346.0
2013-03-22,60355.0
2013-03-23,52697.0
2013-03-24,51146.0
2013-03-25,48849.0
2013-03-26,48910.0
2013-03-27,53076.0
2013-03-28,60806.0
2013-03-29,62085.0
2013-03-30,59023.0
2013-03-31,43817.0
2013-04-01,52572.0
2013-04-02,63095.0
2013-04-03,63766.0
2013-04-04,66738.0
2013-04-05,61215.0
2013-04-06,51555.0
2013-04-07,63377.0
2013-04-08,61525.0
2013-04-09,66803.0
2013-04-10,63690.0
2013-04-11,68247.0
2013-04-12,58517.0
2013-04-13,53350.0
2013-04-14,55318.0
2013-04-15,54332.0
2013-04-16,67608.0
2013-04-17,56535.0
2013-04-18,46484.0
2013-04-19,59391.0
2013-04-20,48148.0
2013-04-21,44048.0
2013-04-22,47041.0
2013-04-23,61500.0
2013-04-24,64861.0
2013-04-25,62394.0
2013-04-26,55093.0
2013-04-27,44222.0
2013-04-28,41702.0
2013-04-29,51602.0
2013-04-30,47450.0
2013-05-01,55176.0
2013-05-02,55295.0
2013-05-03,51275.0
2013-05-04,50102.0
2013-05-05,50167.0
2013-05-06,53174.0
2013-05-07,56567.0
2013-05-08,50274.0
2013-05-09,66610.0
2013-05-10,67709.0
2013-05-11,73220.0
2013-05-12,65260.0
2013-05-13,60824.0
2013-05-14,66316.0
2013-05-15,64030.0
2013-05-16,61010.0
2013-05-17,58570.0
2013-05-18,52066.0
2013-05-19,47664.0
2013-05-20,48692.0
2013-05-21,53791.0
2013-05-22,51834.0
2013-05-23,59615.0
2013-05-24,55232.0
2013-05-25,51115.0
2013-05-26,40559.0
2013-05-27,52582.0
2013-05-28,56912.0
2013-05-29,54892.0
2013-05-30,57247.0
2013-05-31,54171.0
2013-06-01,54098.0
2013-06-02,49748.0
2013-06-03,55661.0
2013-06-04,57409.0
2013-06-05,56376.0
2013-06-06,54457.0
2013-06-07,52027.0
2013-06-08,48037.0
2013-06-09,44312.0
2013-06-10,44826.0
2013-06-11,49483.0
2013-06-12,45704.0
2013-06-13,43007.0
2013-06-14,49992.0
2013-06-15,35653.0
2013-06-16,42781.0
2013-06-17,45798.0
2013-06-18,45877.0
2013-06-19,46895.0
2013-06-20,52361.0
2013-06-21,46859.0
2013-06-22,44418.0
2013-06-23,38342.0
2013-06-24,44095.0
2013-06-25,44472.0
2013-06-26,45453.0
2013-06-27,45961.0
2013-06-28,49383.0
2013-06-29,36376.0
2013-06-30,30800.0
2013-07-01,38971.0
2013-07-02,39497.0
2013-07-03,35347.0
2013-07-04,35127.0
2013-07-05,36851.0
2013-07-06,33185.0
2013-07-07,30170.0
2013-07-08,39437.0
2013-07-09,40647.0
2013-07-10,39043.0
2013-07-11,43260.0
2013-07-12,48106.0
2013-07-13,37813.0
2013-07-14,34761.0
2013-07-15,36590.0
2013-07-16,39228.0
2013-07-17,40459.0
2013-07-18,41009.0
2013-07-19,36588.0
2013-07-20,33516.0
2013-07-21,35257.0
2013-07-22,39814.0
2013-07-23,38291.0
2013-07-24,42202.0
2013-07-25,42384.0
2013-07-26,37209.0
2013-07-27,36711.0
2013-07-28,37134.0
2013-07-29,41634.0
2013-07-30,41936.0
2013-07-31,49334.0
2013-08-01,50727.0
2013-08-02,51489.0
2013-08-03,45576.0
2013-08-04,42767.0
2013-08-05,50812.0
2013-08-06,54179.0
2013-08-07,57420.0
2013-08-08,57817.0
2013-08-09,49463.0
2013-08-10,51485.0
2013-08-11,38206.0
2013-08-12,50012.0
2013-08-13,52897.0
2013-08-14,51492.0
2013-08-15,57959.0
2013-08-16,70951.0
2013-08-17,56356.0
2013-08-18,56203.0
2013-08-19,71137.0
2013-08-20,63038.0
2013-08-21,60335.0
2013-08-22,66596.0
2013-08-23,54999.0
2013-08-24,51634.0
2013-08-25,44296.0
2013-08-26,55927.0
2013-08-27,62018.0
2013-08-28,64569.0
2013-08-29,58803.0
2013-08-30,62398.0
2013-08-31,47282.0
2013-09-01,46377.0
2013-09-02,51051.0
2013-09-03,51969.0
2013-09-04,52816.0
2013-09-05,60551.0
2013-09-06,60665.0
2013-09-07,51822.0
2013-09-08,46295.0
2013-09-09,57473.0
2013-09-10,53092.0
2013-09-11,49010.0
2013-09-12,52087.0
2013-09-13,44630.0
2013-09-14,43342.0
2013-09-15,53491.0
2013-09-16,51731.0
2013-09-17,67752.0
2013-09-18,60386.0
2013-09-19,59625.0
2013-09-20,58794.0
2013-09-21,52309.0
2013-09-22,50700.0
2013-09-23,65118.0
2013-09-24,62380.0
2013-09-25,54342.0
2013-09-26,57383.0
2013-09-27,46742.0
2013-09-28,42403.0
2013-09-29,41011.0
2013-09-30,46993.0
2013-10-01,56984.0
2013-10-02,61773.0
2013-10-03,59352.0
2013-10-04,51760.0
2013-10-05,45260.0
2013-10-06,42672.0
2013-10-07,44391.0
2013-10-08,44970.0
2013-10-09,50494.0
2013-10-10,56661.0
2013-10-11,51737.0
2013-10-12,49260.0
2013-10-13,51083.0
2013-10-14,57202.0
2013-10-15,55566.0
2013-10-16,50616.0
2013-10-17,46703.0
2013-10-18,59469.0
2013-10-19,55088.0
2013-10-20,49219.0
2013-10-21,60240.0
2013-10-22,64803.0
2013-10-23,55093.0
2013-10-24,63419.0
2013-10-25,57236.0
2013-10-26,47565.0
2013-10-27,43512.0
2013-10-28,50929.0
2013-10-29,49770.0
2013-10-30,48251.0
2013-10-31,57970.0
2013-11-01,45163.0
2013-11-02,38979.0
2013-11-03,35755.0
2013-11-04,45328.0
2013-11-05,51423.0
2013-11-06,54845.0
2013-11-07,60391.0
2013-11-08,59089.0
2013-11-09,55056.0
2013-11-10,57367.0
2013-11-11,57218.0
2013-11-12,58106.0
2013-11-13,64702.0
2013-11-14,69230.0
2013-11-15,60748.0
2013-11-16,46981.0
2013-11-17,51137.0
2013-11-18,78876.0
2013-11-19,92746.0
2013-11-20,77394.0
2013-11-21,71672.0
2013-11-22,76775.0
2013-11-23,72375.0
2013-11-24,60693.0
2013-11-25,71620.0
2013-11-26,83224.0
2013-11-27,95358.0
2013-11-28,98740.0
2013-11-29,89911.0
2013-11-30,75014.0
2013-12-01,71947.0
2013-12-02,75411.0
2013-12-03,77467.0
2013-12-04,79453.0
2013-12-05,83113.0
2013-12-06,71891.0
2013-12-07,67517.0
2013-12-08,47282.0
2013-12-09,63449.0
2013-12-10,67431.0
2013-12-11,67140.0
2013-12-12,58056.0
2013-12-13,59941.0
2013-12-14,53859.0
2013-12-15,52131.0
2013-12-16,69181.0
2013-12-17,67537.0
2013-12-18,81311.0
2013-12-19,70052.0
2013-12-20,64905.0
2013-12-21,55922.0
2013-12-22,52728.0
2013-12-23,54096.0
2013-12-24,55696.0
2013-12-25,55266.0
2013-12-26,51096.0
2013-12-27,52490.0
2013-12-28,47859.0
2013-12-29,51157.0
2013-12-30,55440.0
2013-12-31,48663.0
2014-01-01,42865.0
2014-01-02,54636.0
2014-01-03,60819.0
2014-01-04,51911.0
2014-01-05,58469.0
2014-01-06,67172.0
2014-01-07,62734.0
2014-01-08,61246.0
2014-01-09,58824.0
2014-01-10,53979.0
2014-01-11,55646.0
2014-01-12,50330.0
2014-01-13,53292.0
2014-01-14,57216.0
2014-01-15,61428.0
2014-01-16,56518.0
2014-01-17,58874.0
2014-01-18,51399.0
2014-01-19,47836.0
2014-01-20,62808.0
2014-01-21,72411.0
2014-01-22,65643.0
2014-01-23,63399.0
2014-01-24,65411.0
2014-01-25,53699.0
2014-01-26,53430.0
2014-01-27,64200.0
2014-01-28,65608.0
2014-01-29,59530.0
2014-01-30,60623.0
2014-01-31,60085.0
2014-02-01,54649.0
2014-02-02,52297.0
2014-02-03,57419.0
2014-02-04,69627.0
2014-02-05,67361.0
2014-02-06,69978.0
2014-02-07,70359.0
2014-02-08,64827.0
2014-02-09,56441.0
2014-02-10,66694.0
2014-02-11,67065.0
2014-02-12,61948.0
2014-02-13,67161.0
2014-02-14,74698.0
2014-02-15,61709.0
2014-02-16,57336.0
2014-02-17,60698.0
2014-02-18,65245.0
2014-02-19,69942.0
2014-02-20,70967.0
2014-02-21,69238.0
2014-02-22,58493.0
2014-02-23,59906.0
2014-02-24,73605.0
2014-02-25,79921.0
2014-02-26,72992.0
2014-02-27,70671.0
2014-02-28,70109.0
2014-03-01,63258.0
2014-03-02,56495.0
2014-03-03,81116.0
2014-03-04,84451.0
2014-03-05,72236.0
2014-03-06,70354.0
2014-03-07,72179.0
2014-03-08,64422.0
2014-03-09,61982.0
2014-03-10,70735.0
2014-03-11,76036.0
2014-03-12,76157.0
2014-03-13,72643.0
2014-03-14,70482.0
2014-03-15,60143.0
2014-03-16,59161.0
2014-03-17,66235.0
2014-03-18,53996.0
2014-03-19,73644.0
2014-03-20,70825.0
2014-03-21,72905.0
2014-03-22,66503.0
2014-03-23,57597.0
2014-03-24,70795.0
2014-03-25,71726.0
2014-03-26,68156.0
2014-03-27,71546.0
2014-03-28,66905.0
2014-03-29,53095.0
2014-03-30,56713.0
2014-03-31,64862.0
2014-04-01,63965.0
2014-04-02,66716.0
2014-04-03,66820.0
2014-04-04,65497.0
2014-04-05,55624.0
2014-04-06,49859.0
2014-04-07,65659.0
2014-04-08,67707.0
2014-04-09,64992.0
2014-04-10,67872.0
2014-04-11,65563.0
2014-04-12,47579.0
2014-04-13,50981.0
2014-04-14,70026.0
2014-04-15,72627.0
2014-04-16,68435.0
2014-04-17,65021.0
2014-04-18,56836.0
2014-04-19,53356.0
2014-04-20,48865.0
2014-04-21,57939.0
2014-04-22,77888.0
2014-04-23,73789.0
2014-04-24,72543.0
2014-04-25,72468.0
2014-04-26,52012.0
2014-04-27,52452.0
2014-04-28,64394.0
2014-04-29,64886.0
2014-04-30,63501.0
2014-05-01,59482.0
2014-05-02,59820.0
2014-05-03,54015.0
2014-05-04,51618.0
2014-05-05,67638.0
2014-05-06,77034.0
2014-05-07,69666.0
2014-05-08,68770.0
2014-05-09,66123.0
2014-05-10,56237.0
2014-05-11,52438.0
2014-05-12,74254.0
2014-05-13,69195.0
2014-05-14,69658.0
2014-05-15,74722.0
2014-05-16,65181.0
2014-05-17,53338.0
2014-05-18,49740.0
2014-05-19,63926.0
2014-05-20,71343.0
2014-05-21,68730.0
2014-05-22,73171.0
2014-05-23,72645.0
2014-05-24,52718.0
2014-05-25,57405.0
2014-05-26,66849.0
2014-05-27,68388.0
2014-05-28,72169.0
2014-05-29,65221.0
2014-05-30,64960.0
2014-05-31,52025.0
2014-06-01,55047.0
2014-06-02,64241.0
2014-06-03,69517.0
2014-06-04,64873.0
2014-06-05,66793.0
2014-06-06,62203.0
2014-06-07,51055.0
2014-06-08,48172.0
2014-06-09,59719.0
2014-06-10,63149.0
2014-06-11,62681.0
2014-06-12,64572.0
2014-06-13,64576.0
2014-06-14,53418.0
2014-06-15,53726.0
2014-06-16,68074.0
2014-06-17,69893.0
2014-06-18,63730.0
2014-06-19,62287.0
2014-06-20,57195.0
2014-06-21,50987.0
2014-06-22,49924.0
2014-06-23,60040.0
2014-06-24,64695.0
2014-06-25,64210.0
2014-06-26,61261.0
2014-06-27,62769.0
2014-06-28,54210.0
2014-06-29,48937.0
2014-06-30,70099.0
2014-07-01,69310.0
2014-07-02,66591.0
2014-07-03,62710.0
2014-07-04,59328.0
2014-07-05,49802.0
2014-07-06,51997.0
2014-07-07,64536.0
2014-07-08,69967.0
2014-07-09,68352.0
2014-07-10,64456.0
2014-07-11,58921.0
2014-07-12,53297.0
2014-07-13,52257.0
2014-07-14,62626.0
2014-07-15,72157.0
2014-07-16,65427.0
2014-07-17,66061.0
2014-07-18,63890.0
2014-07-19,59376.0
2014-07-20,51846.0
2014-07-21,64035.0
2014-07-22,66716.0
2014-07-23,66737.0
2014-07-24,66133.0
2014-07-25,61335.0
2014-07-26,56199.0
2014-07-27,51838.0
2014-07-28,64594.0
2014-07-29,61458.0
2014-07-30,65981.0
2014-07-31,69607.0
2014-08-01,67758.0
2014-08-02,54826.0
2014-08-03,53467.0
2014-08-04,67719.0
2014-08-05,72688.0
2014-08-06,80238.0
2014-08-07,69753.0
2014-08-08,68139.0
2014-08-09,60417.0
2014-08-10,57736.0
2014-08-11,75393.0
2014-08-12,76808.0
2014-08-13,75593.0
2014-08-14,78902.0
2014-08-15,73028.0
2014-08-16,67816.0
2014-08-17,60053.0
2014-08-18,72560.0
2014-08-19,74554.0
2014-08-20,73673.0
2014-08-21,72999.0
2014-08-22,66841.0
2014-08-23,57431.0
2014-08-24,56549.0
2014-08-25,69757.0
2014-08-26,72487.0
2014-08-27,74412.0
2014-08-28,68455.0
2014-08-29,68444.0
2014-08-30,61032.0
2014-08-31,57567.0
2014-09-01,70247.0
2014-09-02,71762.0
2014-09-03,71699.0
2014-09-04,70652.0
2014-09-05,67893.0
2014-09-06,63190.0
2014-09-07,60197.0
2014-09-08,75622.0
2014-09-09,81666.0
2014-09-10,72401.0
2014-09-11,65856.0
2014-09-12,68230.0
2014-09-13,61065.0
2014-09-14,67497.0
2014-09-15,78508.0
2014-09-16,87063.0
2014-09-17,80119.0
2014-09-18,77185.0
2014-09-19,69266.0
2014-09-20,63306.0
2014-09-21,59636.0
2014-09-22,72900.0
2014-09-23,77133.0
2014-09-24,74818.0
2014-09-25,78351.0
2014-09-26,72421.0
2014-09-27,63004.0
2014-09-28,62310.0
2014-09-29,77787.0
2014-09-30,77853.0
2014-10-01,78624.0
2014-10-02,71948.0
2014-10-03,74948.0
2014-10-04,66478.0
2014-10-05,67161.0
2014-10-06,77888.0
2014-10-07,78935.0
2014-10-08,78674.0
2014-10-09,82641.0
2014-10-10,80903.0
2014-10-11,64876.0
2014-10-12,63361.0
2014-10-13,77787.0
2014-10-14,81232.0
2014-10-15,76106.0
2014-10-16,75589.0
2014-10-17,70697.0
2014-10-18,66313.0
2014-10-19,63122.0
2014-10-20,82563.0
2014-10-21,81498.0
2014-10-22,79828.0
2014-10-23,80487.0
2014-10-24,77747.0
2014-10-25,72360.0
2014-10-26,70637.0
2014-10-27,83818.0
2014-10-28,87842.0
2014-10-29,93512.0
2014-10-30,92452.0
2014-10-31,85515.0
2014-11-01,69432.0
2014-11-02,77015.0
2014-11-03,90182.0
2014-11-04,87455.0
2014-11-05,89322.0
2014-11-06,94142.0
2014-11-07,83807.0
2014-11-08,72564.0
2014-11-09,72062.0
2014-11-10,88847.0
2014-11-11,85489.0
2014-11-12,95432.0
2014-11-13,92813.0
2014-11-14,86153.0
2014-11-15,73102.0
2014-11-16,75859.0
2014-11-17,88210.0
2014-11-18,87370.0
2014-11-19,85130.0
2014-11-20,89250.0
2014-11-21,82052.0
2014-11-22,74571.0
2014-11-23,77141.0
2014-11-24,85660.0
2014-11-25,86002.0
2014-11-26,84974.0
2014-11-27,84541.0
2014-11-28,85764.0
2014-11-29,78941.0
2014-11-30,84853.0
2014-12-01,97493.0
2014-12-02,99269.0
2014-12-03,99232.0
2014-12-04,98202.0
2014-12-05,90744.0
2014-12-06,81093.0
2014-12-07,74666.0
2014-12-08,90583.0
2014-12-09,90078.0
2014-12-10,88655.0
2014-12-11,83857.0
2014-12-12,81156.0
2014-12-13,76061.0
2014-12-14,79562.0
2014-12-15,94318.0
2014-12-16,100921.0
2014-12-17,98316.0
2014-12-18,95078.0
2014-12-19,95268.0
2014-12-20,86767.0
2014-12-21,78831.0
2014-12-22,96347.0
2014-12-23,99319.0
2014-12-24,82194.0
2014-12-25,67760.0
2014-12-26,76046.0
2014-12-27,76662.0
2014-12-28,75546.0
2014-12-29,83283.0
2014-12-30,84894.0
2014-12-31,77259.0
2015-01-01,59179.0
2015-01-02,79122.0
2015-01-03,82065.0
2015-01-04,85522.0
2015-01-05,95429.0
2015-01-06,87663.0
2015-01-07,89776.0
2015-01-08,106985.0
2015-01-09,102135.0
2015-01-10,104727.0
2015-01-11,90475.0
2015-01-12,98827.0
2015-01-13,102182.0
2015-01-14,104620.0
2015-01-15,120239.0
2015-01-16,104560.0
2015-01-17,90361.0
2015-01-18,83033.0
2015-01-19,98341.0
2015-01-20,98807.0
2015-01-21,96810.0
2015-01-22,93563.0
2015-01-23,91887.0
2015-01-24,83431.0
2015-01-25,86433.0
2015-01-26,108054.0
2015-01-27,99244.0
2015-01-28,85068.0
2015-01-29,90715.0
2015-01-30,81061.0
2015-01-31,86146.0
2015-02-01,78839.0
2015-02-02,85828.0
2015-02-03,91666.0
2015-02-04,90655.0
2015-02-05,86408.0
2015-02-06,85528.0
2015-02-07,85540.0
2015-02-08,82547.0
2015-02-09,104597.0
2015-02-10,102831.0
2015-02-11,96890.0
2015-02-12,87308.0
2015-02-13,113514.0
2015-02-14,98613.0
2015-02-15,85127.0
2015-02-16,104475.0
2015-02-17,102839.0
2015-02-18,105552.0
2015-02-19,94386.0
2015-02-20,98556.0
2015-02-21,87685.0
2015-02-22,84791.0
2015-02-23,101373.0
2015-02-24,104996.0
2015-02-25,105235.0
2015-02-26,100667.0
2015-02-27,101322.0
2015-02-28,89490.0
2015-03-01,88588.0
2015-03-02,104779.0
2015-03-03,110823.0
2015-03-04,98389.0
2015-03-05,100983.0
2015-03-06,93721.0
2015-03-07,91365.0
2015-03-08,87371.0
2015-03-09,105392.0
2015-03-10,105389.0
2015-03-11,100611.0
2015-03-12,96964.0
2015-03-13,95890.0
2015-03-14,89380.0
2015-03-15,84791.0
2015-03-16,105079.0
2015-03-17,99433.0
2015-03-18,99454.0
2015-03-19,106160.0
2015-03-20,103200.0
2015-03-21,92685.0
2015-03-22,90444.0
2015-03-23,105874.0
2015-03-24,92754.0
2015-03-25,96976.0
2015-03-26,101033.0
2015-03-27,99320.0
2015-03-28,87226.0
2015-03-29,90363.0
2015-03-30,106213.0
2015-03-31,114961.0
2015-04-01,119211.0
2015-04-02,111904.0
2015-04-03,104400.0
2015-04-04,89498.0
2015-04-05,94875.0
2015-04-06,107323.0
2015-04-07,108562.0
2015-04-08,110626.0
2015-04-09,116487.0
2015-04-10,112674.0
2015-04-11,99289.0
2015-04-12,86871.0
2015-04-13,115251.0
2015-04-14,110001.0
2015-04-15,107484.0
2015-04-16,98908.0
2015-04-17,102629.0
2015-04-18,97563.0
2015-04-19,90989.0
2015-04-20,116592.0
2015-04-21,112349.0
2015-04-22,111726.0
2015-04-23,109708.0
2015-04-24,108652.0
2015-04-25,98302.0
2015-04-26,92855.0
2015-04-27,113638.0
2015-04-28,113040.0
2015-04-29,117133.0
2015-04-30,112824.0
2015-05-01,99412.0
2015-05-02,94955.0
2015-05-03,84461.0
2015-05-04,103872.0
2015-05-05,115194.0
2015-05-06,111572.0
2015-05-07,110984.0
2015-05-08,108995.0
2015-05-09,94587.0
2015-05-10,89280.0
2015-05-11,111216.0
2015-05-12,109951.0
2015-05-13,108696.0
2015-05-14,101430.0
2015-05-15,105013.0
2015-05-16,90554.0
2015-05-17,86991.0
2015-05-18,98434.0
2015-05-19,107216.0
2015-05-20,106743.0
2015-05-21,98147.0
2015-05-22,102632.0
2015-05-23,86167.0
2015-05-24,93898.0
2015-05-25,105945.0
2015-05-26,108240.0
2015-05-27,107951.0
2015-05-28,110848.0
2015-05-29,123898.0
2015-05-30,127665.0
2015-05-31,98636.0
2015-06-01,128564.0
2015-06-02,128057.0
2015-06-03,127458.0
2015-06-04,118205.0
2015-06-05,110063.0
2015-06-06,92518.0
2015-06-07,83478.0
2015-06-08,108016.0
2015-06-09,121487.0
2015-06-10,131110.0
2015-06-11,120489.0
2015-06-12,126803.0
2015-06-13,105684.0
2015-06-14,102888.0
2015-06-15,129245.0
2015-06-16,121423.0
2015-06-17,132964.0
2015-06-18,124773.0
2015-06-19,125075.0
2015-06-20,101878.0
2015-06-21,96530.0
2015-06-22,119192.0
2015-06-23,125420.0
2015-06-24,112937.0
2015-06-25,111316.0
2015-06-26,116278.0
2015-06-27,105875.0
2015-06-28,99004.0
2015-06-29,124040.0
2015-06-30,155724.0
2015-07-01,143977.0
2015-07-02,141999.0
2015-07-03,129558.0
2015-07-04,104430.0
2015-07-05,114942.0
2015-07-06,173889.0
2015-07-07,190613.0
2015-07-08,201586.0
2015-07-09,191030.0
2015-07-10,192866.0
2015-07-11,186052.0
2015-07-12,208550.0
2015-07-13,159547.0
2015-07-14,122474.0
2015-07-15,115417.0
2015-07-16,114253.0
2015-07-17,116759.0
2015-07-18,130546.0
2015-07-19,120735.0
2015-07-20,125102.0
2015-07-21,133658.0
2015-07-22,131105.0
2015-07-23,109480.0
2015-07-24,109749.0
2015-07-25,100390.0
2015-07-26,92632.0
2015-07-27,115077.0
2015-07-28,118214.0
2015-07-29,143048.0
2015-07-30,122807.0
2015-07-31,147352.0
2015-08-01,147326.0
2015-08-02,103449.0
2015-08-03,119687.0
2015-08-04,132411.0
2015-08-05,133625.0
2015-08-06,134695.0
2015-08-07,111208.0
2015-08-08,101351.0
2015-08-09,90392.0
2015-08-10,116674.0
2015-08-11,114579.0
2015-08-12,117772.0
2015-08-13,117360.0
2015-08-14,111113.0
2015-08-15,94807.0
2015-08-16,89360.0
2015-08-17,114902.0
2015-08-18,119657.0
2015-08-19,119995.0
2015-08-20,118080.0
2015-08-21,113627.0
2015-08-22,105507.0
2015-08-23,94395.0
2015-08-24,125213.0
2015-08-25,121838.0
2015-08-26,122691.0
2015-08-27,119942.0
2015-08-28,120230.0
2015-08-29,107329.0
2015-08-30,98189.0
2015-08-31,127103.0
2015-09-01,130256.0
2015-09-02,149906.0
2015-09-03,128536.0
2015-09-04,103817.0
2015-09-05,124071.0
2015-09-06,106149.0
2015-09-07,125315.0
2015-09-08,125243.0
2015-09-09,126308.0
2015-09-10,124780.0
2015-09-11,179844.0
2015-09-12,137605.0
2015-09-13,145897.0
2015-09-14,166563.0
2015-09-15,162839.0
2015-09-16,167127.0
2015-09-17,259135.0
2015-09-18,161357.0
2015-09-19,114726.0
2015-09-20,109030.0
2015-09-21,131547.0
2015-09-22,136627.0
2015-09-23,131242.0
2015-09-24,125227.0
2015-09-25,128002.0
2015-09-26,115475.0
2015-09-27,108600.0
2015-09-28,138427.0
2015-09-29,140490.0
2015-09-30,139700.0
2015-10-01,134178.0
2015-10-02,139608.0
2015-10-03,119422.0
2015-10-04,103378.0
2015-10-05,125395.0
2015-10-06,144368.0
2015-10-07,134798.0
2015-10-08,140208.0
2015-10-09,114518.0
2015-10-10,126845.0
2015-10-11,104404.0
2015-10-12,134268.0
2015-10-13,134741.0
2015-10-14,141833.0
2015-10-15,153329.0
2015-10-16,143142.0
2015-10-17,135775.0
2015-10-18,119561.0
2015-10-19,143804.0
2015-10-20,146221.0
2015-10-21,150055.0
2015-10-22,147254.0
2015-10-23,143319.0
2015-10-24,139983.0
2015-10-25,131333.0
2015-10-26,116236.0
2015-10-27,153593.0
2015-10-28,160036.0
2015-10-29,160911.0
2015-10-30,166524.0
2015-10-31,155253.0
2015-11-01,152335.0
2015-11-02,171955.0
2015-11-03,186207.0
2015-11-04,204043.0
2015-11-05,182663.0
2015-11-06,166748.0
2015-11-07,151345.0
2015-11-08,132411.0
2015-11-09,159687.0
2015-11-10,161816.0
2015-11-11,158761.0
2015-11-12,157686.0
2015-11-13,154667.0
2015-11-14,150332.0
2015-11-15,143209.0
2015-11-16,158143.0
2015-11-17,156539.0
2015-11-18,165116.0
2015-11-19,154347.0
2015-11-20,155607.0
2015-11-21,150861.0
2015-11-22,129487.0
2015-11-23,145109.0
2015-11-24,152168.0
2015-11-25,151713.0
2015-11-26,164495.0
2015-11-27,160102.0
2015-11-28,165522.0
2015-11-29,129701.0
2015-11-30,182486.0
2015-12-01,177945.0
2015-12-02,183362.0
2015-12-03,164632.0
2015-12-04,173433.0
2015-12-05,186019.0
2015-12-06,179553.0
2015-12-07,192683.0
2015-12-08,195046.0
2015-12-09,220155.0
2015-12-10,211820.0
2015-12-11,210099.0
2015-12-12,203979.0
2015-12-13,189772.0
2015-12-14,231282.0
2015-12-15,223815.0
2015-12-16,220257.0
2015-12-17,216142.0
2015-12-18,213678.0
2015-12-19,213719.0
2015-12-20,193682.0
2015-12-21,229295.0
2015-12-22,222567.0
2015-12-23,220918.0
2015-12-24,210090.0
2015-12-25,180221.0
2015-12-26,179192.0
2015-12-27,160066.0
2015-12-28,172978.0
2015-12-29,184459.0
2015-12-30,176282.0
2015-12-31,155220.0
2016-01-01,123957.0
2016-01-02,148893.0
2016-01-03,142463.0
2016-01-04,181173.0
2016-01-05,182214.0
2016-01-06,171949.0
2016-01-07,190087.0
2016-01-08,181234.0
2016-01-09,179817.0
2016-01-10,161142.0
2016-01-11,191026.0
2016-01-12,194704.0
2016-01-13,187983.0
2016-01-14,183049.0
2016-01-15,183520.0
2016-01-16,191158.0
2016-01-17,203977.0
2016-01-18,213732.0
2016-01-19,186725.0
2016-01-20,208919.0
2016-01-21,222606.0
2016-01-22,213507.0
2016-01-23,190221.0
2016-01-24,201254.0
2016-01-25,221988.0
2016-01-26,230363.0
2016-01-27,229522.0
2016-01-28,224879.0
2016-01-29,224225.0
2016-01-30,194607.0
2016-01-31,175864.0
2016-02-01,222237.0
2016-02-02,241542.0
2016-02-03,191045.0
2016-02-04,200493.0
2016-02-05,225300.0
2016-02-06,223956.0
2016-02-07,212014.0
2016-02-08,224607.0
2016-02-09,231064.0
2016-02-10,235363.0
2016-02-11,220742.0
2016-02-12,202356.0
2016-02-13,184519.0
2016-02-14,185922.0
2016-02-15,220197.0
2016-02-16,215802.0
2016-02-17,227080.0
2016-02-18,212810.0
2016-02-19,217291.0
2016-02-20,215578.0
2016-02-21,206489.0
2016-02-22,237569.0
2016-02-23,244612.0
2016-02-24,224809.0
2016-02-25,216135.0
2016-02-26,203495.0
2016-02-27,182030.0
2016-02-28,233302.0
2016-02-29,265187.0
2016-03-01,276953.0
2016-03-02,270049.0
2016-03-03,221517.0
2016-03-04,207330.0
2016-03-05,234842.0
2016-03-06,161591.0
2016-03-07,183122.0
2016-03-08,200144.0
2016-03-09,190220.0
2016-03-10,188571.0
2016-03-11,189656.0
2016-03-12,167869.0
2016-03-13,149670.0
2016-03-14,191189.0
2016-03-15,202265.0
2016-03-16,211840.0
2016-03-17,208178.0
2016-03-18,205886.0
2016-03-19,177342.0
2016-03-20,177997.0
2016-03-21,198867.0
2016-03-22,205060.0
2016-03-23,186659.0
2016-03-24,189947.0
2016-03-25,172163.0
2016-03-26,158896.0
2016-03-27,160125.0
2016-03-28,195910.0
2016-03-29,197252.0
2016-03-30,200881.0
2016-03-31,206352.0
2016-04-01,211769.0
2016-04-02,183364.0
2016-04-03,178287.0
2016-04-04,208763.0
2016-04-05,216021.0
2016-04-06,219133.0
2016-04-07,218324.0
2016-04-08,214047.0
2016-04-09,196279.0
2016-04-10,186781.0
2016-04-11,229887.0
2016-04-12,240058.0
2016-04-13,223342.0
2016-04-14,227764.0
2016-04-15,212039.0
2016-04-16,181866.0
2016-04-17,192270.0
2016-04-18,220261.0
2016-04-19,226361.0
2016-04-20,216615.0
2016-04-21,212644.0
2016-04-22,210833.0
2016-04-23,185072.0
2016-04-24,183023.0
2016-04-25,217437.0
2016-04-26,250593.0
2016-04-27,239306.0
2016-04-28,247822.0
2016-04-29,261726.0
2016-04-30,215566.0
2016-05-01,191275.0
2016-05-02,223628.0
2016-05-03,235458.0
2016-05-04,233524.0
2016-05-05,229418.0
2016-05-06,233070.0
2016-05-07,201912.0
2016-05-08,188857.0
2016-05-09,226278.0
2016-05-10,245563.0
2016-05-11,234279.0
2016-05-12,228270.0
2016-05-13,231994.0
2016-05-14,211136.0
2016-05-15,200032.0
2016-05-16,239668.0
2016-05-17,238485.0
2016-05-18,234930.0
2016-05-19,219025.0
2016-05-20,209247.0
2016-05-21,191320.0
2016-05-22,184164.0
2016-05-23,222574.0
2016-05-24,246370.0
2016-05-25,247703.0
2016-05-26,219956.0
2016-05-27,215157.0
2016-05-28,192921.0
2016-05-29,178595.0
2016-05-30,211224.0
2016-05-31,215122.0
2016-06-01,234241.0
2016-06-02,230961.0
2016-06-03,234527.0
2016-06-04,196546.0
2016-06-05,189632.0
2016-06-06,221001.0
2016-06-07,230876.0
2016-06-08,229789.0
2016-06-09,236188.0
2016-06-10,228223.0
2016-06-11,213003.0
2016-06-12,210565.0
2016-06-13,251193.0
2016-06-14,246697.0
2016-06-15,259050.0
2016-06-16,267721.0
2016-06-17,253603.0
2016-06-18,235159.0
2016-06-19,218121.0
2016-06-20,249170.0
2016-06-21,248015.0
2016-06-22,235512.0
2016-06-23,241160.0
2016-06-24,237496.0
2016-06-25,206757.0
2016-06-26,181202.0
2016-06-27,216882.0
2016-06-28,212459.0
2016-06-29,223966.0
2016-06-30,231810.0
2016-07-01,205646.0
2016-07-02,198726.0
2016-07-03,176973.0
2016-07-04,213749.0
2016-07-05,214814.0
2016-07-06,214551.0
2016-07-07,215411.0
2016-07-08,210556.0
2016-07-09,185256.0
2016-07-10,162452.0
2016-07-11,217946.0
2016-07-12,218891.0
2016-07-13,216374.0
2016-07-14,217554.0
2016-07-15,215946.0
2016-07-16,182035.0
2016-07-17,170864.0
2016-07-18,222687.0
2016-07-19,222018.0
2016-07-20,227279.0
2016-07-21,217473.0
2016-07-22,221275.0
2016-07-23,195665.0
2016-07-24,183766.0
2016-07-25,239584.0
2016-07-26,237544.0
2016-07-27,235475.0
2016-07-28,234727.0
2016-07-29,231267.0
2016-07-30,199365.0
2016-07-31,192100.0
2016-08-01,224896.0
2016-08-02,250944.0
2016-08-03,241616.0
2016-08-04,231682.0
2016-08-05,228075.0
2016-08-06,195503.0
2016-08-07,192266.0
2016-08-08,235147.0
2016-08-09,231276.0
2016-08-10,244589.0
2016-08-11,254365.0
2016-08-12,232824.0
2016-08-13,214406.0
2016-08-14,200011.0
2016-08-15,202750.0
2016-08-16,254296.0
2016-08-17,237880.0
2016-08-18,239387.0
2016-08-19,245941.0
2016-08-20,208069.0
2016-08-21,184741.0
2016-08-22,228215.0
2016-08-23,238874.0
2016-08-24,234978.0
2016-08-25,233879.0
2016-08-26,226635.0
2016-08-27,190954.0
2016-08-28,174337.0
2016-08-29,225133.0
2016-08-30,251838.0
2016-08-31,225226.0
2016-09-01,237326.0
2016-09-02,225703.0
2016-09-03,182078.0
2016-09-04,183065.0
2016-09-05,227543.0
2016-09-06,231982.0
2016-09-07,250657.0
2016-09-08,226862.0
2016-09-09,220392.0
2016-09-10,193165.0
2016-09-11,180227.0
2016-09-12,208486.0
2016-09-13,239721.0
2016-09-14,231644.0
2016-09-15,233334.0
2016-09-16,210989.0
2016-09-17,215366.0
2016-09-18,191458.0
2016-09-19,223407.0
2016-09-20,244164.0
2016-09-21,239050.0
2016-09-22,231086.0
2016-09-23,223051.0
2016-09-24,208484.0
2016-09-25,195457.0
2016-09-26,230616.0
2016-09-27,240168.0
2016-09-28,234847.0
2016-09-29,242587.0
2016-09-30,250801.0
2016-10-01,213773.0
2016-10-02,192542.0
2016-10-03,258654.0
2016-10-04,264504.0
2016-10-05,266644.0
2016-10-06,274325.0
2016-10-07,266181.0
2016-10-08,250503.0
2016-10-09,210388.0
2016-10-10,222872.0
2016-10-11,263426.0
2016-10-12,233296.0
2016-10-13,229575.0
2016-10-14,239588.0
2016-10-15,210306.0
2016-10-16,197746.0
2016-10-17,237107.0
2016-10-18,251366.0
2016-10-19,198958.0
2016-10-20,270246.0
2016-10-21,265191.0
2016-10-22,216559.0
2016-10-23,191434.0
2016-10-24,226837.0
2016-10-25,236891.0
2016-10-26,223178.0
2016-10-27,326226.0
2016-10-28,250724.0
2016-10-29,229540.0
2016-10-30,207814.0
2016-10-31,241631.0
2016-11-01,246506.0
2016-11-02,268285.0
2016-11-03,271843.0
2016-11-04,247927.0
2016-11-05,238068.0
2016-11-06,225633.0
2016-11-07,274135.0
2016-11-08,295891.0
2016-11-09,269948.0
2016-11-10,271206.0
2016-11-11,254456.0
2016-11-12,228718.0
2016-11-13,219515.0
2016-11-14,270334.0
2016-11-15,280196.0
2016-11-16,289618.0
2016-11-17,277301.0
2016-11-18,275777.0
2016-11-19,249618.0
2016-11-20,243463.0
2016-11-21,285654.0
2016-11-22,285501.0
2016-11-23,276777.0
2016-11-24,328376.0
2016-11-25,315235.0
2016-11-26,277455.0
2016-11-27,237245.0
2016-11-28,298366.0
2016-11-29,289501.0
2016-11-30,292512.0
2016-12-01,239536.0
2016-12-02,315335.0
2016-12-03,287816.0
2016-12-04,245502.0
2016-12-05,277849.0
2016-12-06,319612.0
2016-12-07,310580.0
2016-12-08,282554.0
2016-12-09,268680.0
2016-12-10,250109.0
2016-12-11,229746.0
2016-12-12,268506.0
2016-12-13,291579.0
2016-12-14,286189.0
2016-12-15,282558.0
2016-12-16,279228.0
2016-12-17,237986.0
2016-12-18,235648.0
2016-12-19,281978.0
2016-12-20,296335.0
2016-12-21,325518.0
2016-12-22,314485.0
2016-12-23,304845.0
2016-12-24,240683.0
2016-12-25,197199.0
2016-12-26,244772.0
2016-12-27,296390.0
2016-12-28,305230.0
2016-12-29,304455.0
2016-12-30,286661.0
2016-12-31,250125.0
2017-01-01,180346.0
2017-01-02,290792.0
2017-01-03,301500.0
2017-01-04,328489.0
2017-01-05,288361.0
2017-01-06,346244.0
2017-01-07,281922.0
2017-01-08,259934.0
2017-01-09,269811.0
2017-01-10,323728.0
2017-01-11,302905.0
2017-01-12,294953.0
2017-01-13,272597.0
2017-01-14,242097.0
2017-01-15,235832.0
2017-01-16,267471.0
2017-01-17,292539.0
2017-01-18,296950.0
2017-01-19,300431.0
2017-01-20,298188.0
2017-01-21,263381.0
2017-01-22,236712.0
2017-01-23,235392.0
2017-01-24,278028.0
2017-01-25,304578.0
2017-01-26,313600.0
2017-01-27,263162.0
2017-01-28,246243.0
2017-01-29,241460.0
2017-01-30,247264.0
2017-01-31,307538.0
2017-02-01,350368.0
2017-02-02,259402.0
2017-02-03,323414.0
2017-02-04,284634.0
2017-02-05,291942.0
2017-02-06,229902.0
2017-02-07,325117.0
2017-02-08,308170.0
2017-02-09,346375.0
2017-02-10,301642.0
2017-02-11,262547.0
2017-02-12,237604.0
2017-02-13,288127.0
2017-02-14,314915.0
2017-02-15,294647.0
2017-02-16,283052.0
2017-02-17,319616.0
2017-02-18,285992.0
2017-02-19,251587.0
2017-02-20,282580.0
2017-02-21,278952.0
2017-02-22,282056.0
2017-02-23,325763.0
2017-02-24,343642.0
2017-02-25,326354.0
2017-02-26,265025.0
2017-02-27,284411.0
2017-02-28,325261.0
2017-03-01,315739.0
2017-03-02,329271.0
2017-03-03,337159.0
2017-03-04,265648.0
2017-03-05,280592.0
2017-03-06,287589.0
2017-03-07,327749.0
2017-03-08,296966.0
2017-03-09,303484.0
2017-03-10,308326.0
2017-03-11,280532.0
2017-03-12,220955.0
2017-03-13,272934.0
2017-03-14,310239.0
2017-03-15,292292.0
2017-03-16,326881.0
2017-03-17,292042.0
2017-03-18,263373.0
2017-03-19,269171.0
2017-03-20,276897.0
2017-03-21,287913.0
2017-03-22,316434.0
2017-03-23,287723.0
2017-03-24,289345.0
2017-03-25,242842.0
2017-03-26,219338.0
2017-03-27,232159.0
2017-03-28,293846.0
2017-03-29,283793.0
2017-03-30,288624.0
2017-03-31,259268.0
2017-04-01,255739.0
2017-04-02,244045.0
2017-04-03,287965.0
2017-04-04,255890.0
2017-04-05,316393.0
2017-04-06,290318.0
2017-04-07,295301.0
2017-04-08,226822.0
2017-04-09,238127.0
2017-04-10,273237.0
2017-04-11,307726.0
2017-04-12,277951.0
2017-04-13,228552.0
2017-04-14,290069.0
2017-04-15,270555.0
2017-04-16,211683.0
2017-04-17,245046.0
2017-04-18,302945.0
2017-04-19,309961.0
2017-04-20,267777.0
2017-04-21,330187.0
2017-04-22,268567.0
2017-04-23,244886.0
2017-04-24,222547.0
2017-04-25,325239.0
2017-04-26,334318.0
2017-04-27,297737.0
2017-04-28,305135.0
2017-04-29,341146.0
2017-04-30,281338.0
2017-05-01,294636.0
2017-05-02,333003.0
2017-05-03,295017.0
2017-05-04,354569.0
2017-05-05,267064.0
2017-05-06,362854.0
2017-05-07,315844.0
2017-05-08,364916.0
2017-05-09,332724.0
2017-05-10,311243.0
2017-05-11,294608.0
2017-05-12,317544.0
2017-05-13,329108.0
2017-05-14,368934.0
2017-05-15,329059.0
2017-05-16,233845.0
2017-05-17,317372.0
2017-05-18,288762.0
2017-05-19,319338.0
2017-05-20,352640.0
2017-05-21,325910.0
2017-05-22,327722.0
2017-05-23,367542.0
2017-05-24,338488.0
2017-05-25,349951.0
2017-05-26,333187.0
2017-05-27,331746.0
2017-05-28,307978.0
2017-05-29,321487.0
2017-05-30,347782.0
2017-05-31,321470.0
2017-06-01,319539.0
2017-06-02,271393.0
2017-06-03,305128.0
2017-06-04,265883.0
2017-06-05,289766.0
2017-06-06,297265.0
2017-06-07,339555.0
2017-06-08,307212.0
2017-06-09,282033.0
2017-06-10,254852.0
2017-06-11,222746.0
2017-06-12,268951.0
2017-06-13,291635.0
2017-06-14,287504.0
2017-06-15,290753.0
2017-06-16,269789.0
2017-06-17,236409.0
2017-06-18,209214.0
2017-06-19,269623.0
2017-06-20,267926.0
2017-06-21,280063.0
2017-06-22,269546.0
2017-06-23,259778.0
2017-06-24,226981.0
2017-06-25,180597.0
2017-06-26,261764.0
2017-06-27,259606.0
2017-06-28,279654.0
2017-06-29,230934.0
2017-06-30,267206.0
2017-07-01,221692.0
2017-07-02,196351.0
2017-07-03,253074.0
2017-07-04,255330.0
2017-07-05,236859.0
2017-07-06,224964.0
2017-07-07,243466.0
2017-07-08,220670.0
2017-07-09,187986.0
2017-07-10,251525.0
2017-07-11,265586.0
2017-07-12,256961.0
2017-07-13,245738.0
2017-07-14,227764.0
2017-07-15,221724.0
2017-07-16,203002.0
2017-07-17,230167.0
2017-07-18,260410.0
2017-07-19,253619.0
2017-07-20,230037.0
2017-07-21,268289.0
2017-07-22,223198.0
2017-07-23,180859.0
2017-07-24,239894.0
2017-07-25,243888.0
2017-07-26,237706.0
2017-07-27,225215.0
2017-07-28,247057.0
2017-07-29,210977.0
2017-07-30,183998.0
2017-07-31,230867.0
2017-08-01,131726.0
2017-08-02,209169.0
2017-08-03,212879.0
2017-08-04,235613.0
2017-08-05,239594.0
2017-08-06,199487.0
2017-08-07,248849.0
2017-08-08,275410.0
2017-08-09,260817.0
2017-08-10,257831.0
2017-08-11,283857.0
2017-08-12,260386.0
2017-08-13,263162.0
2017-08-14,255232.0
2017-08-15,310850.0
2017-08-16,274736.0
2017-08-17,347140.0
2017-08-18,312101.0
2017-08-19,266681.0
2017-08-20,210722.0
2017-08-21,236657.0
2017-08-22,196194.0
2017-08-23,315575.0
2017-08-24,203704.0
2017-08-25,208068.0
2017-08-26,226380.0
2017-08-27,261736.0
2017-08-28,223642.0
2017-08-29,280967.0
2017-08-30,271298.0
2017-08-31,280561.0
2017-09-01,283496.0
2017-09-02,236647.0
2017-09-03,195135.0
2017-09-04,269105.0
2017-09-05,277751.0
2017-09-06,276063.0
2017-09-07,256198.0
2017-09-08,279313.0
2017-09-09,217721.0
2017-09-10,193102.0
2017-09-11,253318.0
2017-09-12,256042.0
2017-09-13,263130.0
2017-09-14,267894.0
2017-09-15,291899.0
2017-09-16,228088.0
2017-09-17,197507.0
2017-09-18,218077.0
2017-09-19,282761.0
2017-09-20,235606.0
2017-09-21,255081.0
2017-09-22,227476.0
2017-09-23,203695.0
2017-09-24,185132.0
2017-09-25,226478.0
2017-09-26,263510.0
2017-09-27,257814.0
2017-09-28,275799.0
2017-09-29,254269.0
2017-09-30,212540.0
2017-10-01,203523.0
2017-10-02,294852.0
2017-10-03,281949.0
2017-10-04,232692.0
2017-10-05,273118.0
2017-10-06,283540.0
2017-10-07,231068.0
2017-10-08,238203.0
2017-10-09,296785.0
2017-10-10,302941.0
2017-10-11,292320.0
2017-10-12,293011.0
2017-10-13,309683.0
2017-10-14,292999.0
2017-10-15,283278.0
2017-10-16,314551.0
2017-10-17,334274.0
2017-10-18,329428.0
2017-10-19,356807.0
2017-10-20,312230.0
2017-10-21,312104.0
2017-10-22,288949.0
2017-10-23,315925.0
2017-10-24,338707.0
2017-10-25,317062.0
2017-10-26,285767.0
2017-10-27,226990.0
2017-10-28,227234.0
2017-10-29,335635.0
2017-10-30,312620.0
2017-10-31,276961.0
2017-11-01,340337.0
2017-11-02,352186.0
2017-11-03,274116.0
2017-11-04,293991.0
2017-11-05,251587.0
2017-11-06,270896.0
2017-11-07,335480.0
2017-11-08,301202.0
2017-11-09,341128.0
2017-11-10,271625.0
2017-11-11,194554.0
2017-11-12,185886.0
2017-11-13,309159.0
2017-11-14,271867.0
2017-11-15,321636.0
2017-11-16,310244.0
2017-11-17,306450.0
2017-11-18,270738.0
2017-11-19,264695.0
2017-11-20,336029.0
2017-11-21,370918.0
2017-11-22,311885.0
2017-11-23,352050.0
2017-11-24,305586.0
2017-11-25,336533.0
2017-11-26,329524.0
2017-11-27,379086.0
2017-11-28,365821.0
2017-11-29,397917.0
2017-11-30,384219.0
2017-12-01,412725.0
2017-12-02,326193.0
2017-12-03,352868.0
2017-12-04,400505.0
2017-12-05,405531.0
2017-12-06,443399.0
2017-12-07,374765.0
2017-12-08,384936.0
2017-12-09,403225.0
2017-12-10,341256.0
2017-12-11,368427.0
2017-12-12,372821.0
2017-12-13,424393.0
2017-12-14,490459.0
2017-12-15,405507.0
2017-12-16,364051.0
2017-12-17,391725.0
2017-12-18,394057.0
2017-12-19,378482.0
2017-12-20,370141.0
2017-12-21,335350.0
2017-12-22,380493.0
2017-12-23,308072.0
2017-12-24,279371.0
2017-12-25,228791.0
2017-12-26,247298.0
2017-12-27,307486.0
2017-12-28,304904.0
2017-12-29,353659.0
2017-12-30,344260.0
2017-12-31,290259.0
2018-01-01,241601.0
2018-01-02,340809.0
2018-01-03,395806.0
2018-01-04,424840.0
2018-01-05,342564.0
2018-01-06,358679.0
2018-01-07,368025.0
2018-01-08,345506.0
2018-01-09,360101.0
2018-01-10,347227.0
2018-01-11,337766.0
2018-01-12,299913.0
2018-01-13,265586.0
2018-01-14,234890.0
2018-01-15,273473.0
2018-01-16,303566.0
2018-01-17,315604.0
2018-01-18,309322.0
2018-01-19,243454.0
2018-01-20,240433.0
2018-01-21,215435.0
2018-01-22,245395.0
2018-01-23,271759.0
2018-01-24,250247.0
2018-01-25,236422.0
2018-01-26,220304.0
2018-01-27,193421.0
2018-01-28,213288.0
2018-01-29,232028.0
2018-01-30,236442.0
2018-01-31,204159.0
2018-02-01,257504.0
2018-02-02,235750.0
2018-02-03,194733.0
2018-02-04,173509.0
2018-02-05,216178.0
2018-02-06,243950.0
2018-02-07,213578.0
2018-02-08,173158.0
2018-02-09,177725.0
2018-02-10,181640.0
2018-02-11,147057.0
2018-02-12,186752.0
2018-02-13,182820.0
2018-02-14,196238.0
2018-02-15,198052.0
2018-02-16,187581.0
2018-02-17,173640.0
2018-02-18,159333.0
2018-02-19,187205.0
2018-02-20,198314.0
2018-02-21,205032.0
2018-02-22,183086.0
2018-02-23,185045.0
2018-02-24,154389.0
2018-02-25,144698.0
2018-02-26,186333.0
2018-02-27,219464.0
2018-02-28,189068.0
2018-03-01,233579.0
2018-03-02,194917.0
2018-03-03,176844.0
2018-03-04,160083.0
2018-03-05,201289.0
2018-03-06,205860.0
2018-03-07,213821.0
2018-03-08,196260.0
2018-03-09,198034.0
2018-03-10,156088.0
2018-03-11,150731.0
2018-03-12,188233.0
2018-03-13,195982.0
2018-03-14,190898.0
2018-03-15,206042.0
2018-03-16,186823.0
2018-03-17,154347.0
2018-03-18,164250.0
2018-03-19,191373.0
2018-03-20,195041.0
2018-03-21,194694.0
2018-03-22,185044.0
2018-03-23,179685.0
2018-03-24,156931.0
2018-03-25,135139.0
2018-03-26,187700.0
2018-03-27,186913.0
2018-03-28,177386.0
2018-03-29,192259.0
2018-03-30,185778.0
2018-03-31,148489.0
2018-04-01,134967.0
2018-04-02,168022.0
2018-04-03,198756.0
2018-04-04,185563.0
2018-04-05,181676.0
2018-04-06,172751.0
2018-04-07,154459.0
2018-04-08,138374.0
2018-04-09,176416.0
2018-04-10,186251.0
2018-04-11,183087.0
2018-04-12,210725.0
2018-04-13,217117.0
2018-04-14,161706.0
2018-04-15,173868.0
2018-04-16,195965.0
2018-04-17,201658.0
2018-04-18,200580.0
2018-04-19,213345.0
2018-04-20,207640.0
2018-04-21,193816.0
2018-04-22,171710.0
2018-04-23,226200.0
2018-04-24,254334.0
2018-04-25,213032.0
2018-04-26,216591.0
2018-04-27,210977.0
2018-04-28,203553.0
2018-04-29,180640.0
2018-04-30,214952.0
2018-05-01,199801.0
2018-05-02,212156.0
2018-05-03,228370.0
2018-05-04,218931.0
2018-05-05,202542.0
2018-05-06,171624.0
2018-05-07,204913.0
2018-05-08,217671.0
2018-05-09,206419.0
2018-05-10,208807.0
2018-05-11,213497.0
2018-05-12,181889.0
2018-05-13,158646.0
2018-05-14,209565.0
2018-05-15,214633.0
2018-05-16,208284.0
2018-05-17,192551.0
2018-05-18,211348.0
2018-05-19,173120.0
2018-05-20,158519.0
2018-05-21,202490.0
2018-05-22,203186.0
2018-05-23,223034.0
2018-05-24,206682.0
2018-05-25,196005.0
2018-05-26,158621.0
2018-05-27,144140.0
2018-05-28,188907.0
2018-05-29,204630.0
2018-05-30,203903.0
2018-05-31,209356.0
2018-06-01,205315.0
2018-06-02,174345.0
2018-06-03,163280.0
2018-06-04,209733.0
2018-06-05,212726.0
2018-06-06,206270.0
2018-06-07,207484.0
2018-06-08,200234.0
2018-06-09,171163.0
2018-06-10,179682.0
2018-06-11,213056.0
2018-06-12,214450.0
2018-06-13,211686.0
2018-06-14,209876.0
2018-06-15,205708.0
2018-06-16,158924.0
2018-06-17,144751.0
2018-06-18,196141.0
2018-06-19,191650.0
2018-06-20,198734.0
2018-06-21,197943.0
2018-06-22,203993.0
2018-06-23,163135.0
2018-06-24,157851.0
2018-06-25,200016.0
2018-06-26,195258.0
2018-06-27,187980.0
2018-06-28,187467.0
2018-06-29,197730.0
2018-06-30,180924.0
2018-07-01,156100.0
2018-07-02,199153.0
2018-07-03,216631.0
2018-07-04,206654.0
2018-07-05,199463.0
2018-07-06,200833.0
2018-07-07,170004.0
2018-07-08,155527.0
2018-07-09,206410.0
2018-07-10,215914.0
2018-07-11,202468.0
2018-07-12,203394.0
2018-07-13,207761.0
2018-07-14,176342.0
2018-07-15,161018.0
2018-07-16,207722.0
2018-07-17,233807.0
2018-07-18,238595.0
2018-07-19,224868.0
2018-07-20,225375.0
2018-07-21,184666.0
2018-07-22,166947.0
2018-07-23,229314.0
2018-07-24,259199.0
2018-07-25,250031.0
2018-07-26,231514.0
2018-07-27,229230.0
2018-07-28,188093.0
2018-07-29,168237.0
2018-07-30,230790.0
2018-07-31,242830.0
2018-08-01,240894.0
2018-08-02,224720.0
2018-08-03,229693.0
2018-08-04,191481.0
2018-08-05,172021.0
2018-08-06,218476.0
2018-08-07,232894.0
2018-08-08,235154.0
2018-08-09,222177.0
2018-08-10,225972.0
2018-08-11,192268.0
2018-08-12,164889.0
2018-08-13,222079.0
2018-08-14,247486.0
2018-08-15,245905.0
2018-08-16,232177.0
2018-08-17,233642.0
2018-08-18,190775.0
2018-08-19,167255.0
2018-08-20,214833.0
2018-08-21,217629.0
2018-08-22,230173.0
2018-08-23,217203.0
2018-08-24,219702.0
2018-08-25,196285.0
2018-08-26,172574.0
2018-08-27,223471.0
2018-08-28,237886.0
2018-08-29,237369.0
2018-08-30,231237.0
2018-08-31,236921.0
2018-09-01,213180.0
2018-09-02,187001.0
2018-09-03,222753.0
2018-09-04,232139.0
2018-09-05,246345.0
2018-09-06,252111.0
2018-09-07,230638.0
2018-09-08,204278.0
2018-09-09,188749.0
2018-09-10,222731.0
2018-09-11,237430.0
2018-09-12,233107.0
2018-09-13,234061.0
2018-09-14,223118.0
2018-09-15,210931.0
2018-09-16,179344.0
2018-09-17,240017.0
2018-09-18,244117.0
2018-09-19,250881.0
2018-09-20,253520.0
2018-09-21,272907.0
2018-09-22,225382.0
2018-09-23,200169.0
2018-09-24,237522.0
2018-09-25,251944.0
2018-09-26,243788.0
2018-09-27,248543.0
2018-09-28,254085.0
2018-09-29,218187.0
2018-09-30,208047.0
2018-10-01,242662.0
2018-10-02,244635.0
2018-10-03,242158.0
2018-10-04,243007.0
2018-10-05,244589.0
2018-10-06,214718.0
2018-10-07,219589.0
2018-10-08,247906.0
2018-10-09,235732.0
2018-10-10,244801.0
2018-10-11,262308.0
2018-10-12,243042.0
2018-10-13,204956.0
2018-10-14,191145.0
2018-10-15,266783.0
2018-10-16,257832.0
2018-10-17,260224.0
2018-10-18,253312.0
2018-10-19,253684.0
2018-10-20,227678.0
2018-10-21,211367.0
2018-10-22,255169.0
2018-10-23,253309.0
2018-10-24,253978.0
2018-10-25,254462.0
2018-10-26,252859.0
2018-10-27,233613.0
2018-10-28,219720.0
2018-10-29,269608.0
2018-10-30,283173.0
2018-10-31,288120.0
2018-11-01,281787.0
2018-11-02,292561.0
2018-11-03,249403.0
2018-11-04,226124.0
2018-11-05,296139.0
2018-11-06,285323.0
2018-11-07,293604.0
2018-11-08,277476.0
2018-11-09,283769.0
2018-11-10,252368.0
2018-11-11,246845.0
2018-11-12,299866.0
2018-11-13,279040.0
2018-11-14,292620.0
2018-11-15,291398.0
2018-11-16,282998.0
2018-11-17,262504.0
2018-11-18,239680.0
2018-11-19,267845.0
2018-11-20,288318.0
2018-11-21,254837.0
2018-11-22,265994.0
2018-11-23,275136.0
2018-11-24,249874.0
2018-11-25,239129.0
2018-11-26,256951.0
2018-11-27,268402.0
2018-11-28,254338.0
2018-11-29,246121.0
2018-11-30,250056.0
2018-12-01,241723.0
2018-12-02,222559.0
2018-12-03,240538.0
2018-12-04,270051.0
2018-12-05,256371.0
2018-12-06,279519.0
2018-12-07,253776.0
2018-12-08,230977.0
2018-12-09,238441.0
2018-12-10,258229.0
2018-12-11,251362.0
2018-12-12,261303.0
2018-12-13,268291.0
2018-12-14,275655.0
2018-12-15,262730.0
2018-12-16,226338.0
2018-12-17,298663.0
2018-12-18,266117.0
2018-12-19,302243.0
2018-12-20,287138.0
2018-12-21,280448.0
2018-12-22,251041.0
2018-12-23,250563.0
2018-12-24,272145.0
2018-12-25,264893.0
2018-12-26,281148.0
2018-12-27,299846.0
2018-12-28,308100.0
2018-12-29,264842.0
2018-12-30,267463.0
2018-12-31,259529.0
2019-01-01,234576.0
2019-01-02,271545.0
2019-01-03,290861.0
2019-01-04,281623.0
2019-01-05,265029.0
2019-01-06,258381.0
2019-01-07,284641.0
2019-01-08,318355.0
2019-01-09,318892.0
2019-01-10,327182.0
2019-01-11,308224.0
2019-01-12,281364.0
2019-01-13,276860.0
2019-01-14,326536.0
2019-01-15,302147.0
2019-01-16,305569.0
2019-01-17,296568.0
2019-01-18,305827.0
2019-01-19,282055.0
2019-01-20,293961.0
2019-01-21,315052.0
2019-01-22,295910.0
2019-01-23,293348.0
2019-01-24,307984.0
2019-01-25,300947.0
2019-01-26,288135.0
2019-01-27,276514.0
2019-01-28,307917.0
2019-01-29,326016.0
2019-01-30,321844.0
2019-01-31,353790.0
2019-02-01,339183.0
2019-02-02,321888.0
2019-02-03,300033.0
2019-02-04,335141.0
2019-02-05,353922.0
2019-02-06,349432.0
2019-02-07,352872.0
2019-02-08,335117.0
2019-02-09,310742.0
2019-02-10,299469.0
2019-02-11,315580.0
2019-02-12,271445.0
2019-02-13,352498.0
2019-02-14,354342.0
2019-02-15,296602.0
2019-02-16,331987.0
2019-02-17,327304.0
2019-02-18,344119.0
2019-02-19,348086.0
2019-02-20,314190.0
2019-02-21,297476.0
2019-02-22,347677.0
2019-02-23,328096.0
2019-02-24,320309.0
2019-02-25,336491.0
2019-02-26,366407.0
2019-02-27,344419.0
2019-02-28,367677.0
2019-03-01,354260.0
2019-03-02,335732.0
2019-03-03,353537.0
2019-03-04,304051.0
2019-03-05,285567.0
2019-03-06,277735.0
2019-03-07,282381.0
2019-03-08,285118.0
2019-03-09,239354.0
2019-03-10,212741.0
2019-03-11,294599.0
2019-03-12,285510.0
2019-03-13,285822.0
2019-03-14,299774.0
2019-03-15,296817.0
2019-03-16,262104.0
2019-03-17,227144.0
2019-03-18,291344.0
2019-03-19,304570.0
2019-03-20,304799.0
2019-03-21,300569.0
2019-03-22,298363.0
2019-03-23,251428.0
2019-03-24,226016.0
2019-03-25,322043.0
2019-03-26,366281.0
2019-03-27,383037.0
2019-03-28,393552.0
2019-03-29,369670.0
2019-03-30,377644.0
2019-03-31,381513.0
2019-04-01,368768.0
2019-04-02,401350.0
2019-04-03,360108.0
2019-04-04,354520.0
2019-04-05,386932.0
2019-04-06,359430.0
2019-04-07,350490.0
2019-04-08,372269.0
2019-04-09,345939.0
2019-04-10,396353.0
2019-04-11,402645.0
2019-04-12,376616.0
2019-04-13,366941.0
2019-04-14,336908.0
2019-04-15,381328.0
2019-04-16,358372.0
2019-04-17,350599.0
2019-04-18,382832.0
2019-04-19,361976.0
2019-04-20,319709.0
2019-04-21,390573.0
2019-04-22,341880.0
2019-04-23,311637.0
2019-04-24,404116.0
2019-04-25,383946.0
2019-04-26,381058.0
2019-04-27,358871.0
2019-04-28,383128.0
2019-04-29,363044.0
2019-04-30,346346.0
2019-05-01,439378.0
2019-05-02,452462.0
2019-05-03,382880.0
2019-05-04,355778.0
2019-05-05,330603.0
2019-05-06,378325.0
2019-05-07,329816.0
2019-05-08,392929.0
2019-05-09,361419.0
2019-05-10,322838.0
2019-05-11,344827.0
2019-05-12,338413.0
2019-05-13,390261.0
2019-05-14,367218.0
2019-05-15,368752.0
2019-05-16,374916.0
2019-05-17,361503.0
2019-05-18,359551.0
2019-05-19,346696.0
2019-05-20,381421.0
2019-05-21,380736.0
2019-05-22,394720.0
2019-05-23,389185.0
2019-05-24,373729.0
2019-05-25,338258.0
2019-05-26,373907.0
2019-05-27,399417.0
2019-05-28,390263.0
2019-05-29,404981.0
2019-05-30,376714.0
2019-05-31,298880.0
2019-06-01,331941.0
2019-06-02,300872.0
2019-06-03,293890.0
2019-06-04,374609.0
2019-06-05,372788.0
2019-06-06,364369.0
2019-06-07,349853.0
2019-06-08,294245.0
2019-06-09,300770.0
2019-06-10,353472.0
2019-06-11,340306.0
2019-06-12,328333.0
2019-06-13,364222.0
2019-06-14,364214.0
2019-06-15,330808.0
2019-06-16,295124.0
2019-06-17,320939.0
2019-06-18,394680.0
2019-06-19,400855.0
2019-06-20,329959.0
2019-06-21,337608.0
2019-06-22,353934.0
2019-06-23,379907.0
2019-06-24,388165.0
2019-06-25,361239.0
2019-06-26,399459.0
2019-06-27,360908.0
2019-06-28,406931.0
2019-06-29,356508.0
2019-06-30,330579.0
2019-07-01,336719.0
2019-07-02,373251.0
2019-07-03,397382.0
2019-07-04,370537.0
2019-07-05,378264.0
2019-07-06,348496.0
2019-07-07,313120.0
2019-07-08,378788.0
2019-07-09,365434.0
2019-07-10,315535.0
2019-07-11,325647.0
2019-07-12,360735.0
2019-07-13,304404.0
2019-07-14,303142.0
2019-07-15,348965.0
2019-07-16,363175.0
2019-07-17,324759.0
2019-07-18,315624.0
2019-07-19,299773.0
2019-07-20,322825.0
2019-07-21,283785.0
2019-07-22,319241.0
2019-07-23,320209.0
2019-07-24,295450.0
2019-07-25,336386.0
2019-07-26,319446.0
2019-07-27,283740.0
2019-07-28,272799.0
2019-07-29,333451.0
2019-07-30,328233.0
2019-07-31,361166.0
2019-08-01,335801.0
2019-08-02,349387.0
2019-08-03,327415.0
2019-08-04,298638.0
2019-08-05,338993.0
2019-08-06,368187.0
2019-08-07,370756.0
2019-08-08,336039.0
2019-08-09,340978.0
2019-08-10,303987.0
2019-08-11,273127.0
2019-08-12,297313.0
2019-08-13,370590.0
2019-08-14,359845.0
2019-08-15,355487.0
2019-08-16,323478.0
2019-08-17,288128.0
2019-08-18,276239.0
2019-08-19,330310.0
2019-08-20,333151.0
2019-08-21,308672.0
2019-08-22,322312.0
2019-08-23,340067.0
2019-08-24,304321.0
2019-08-25,288779.0
2019-08-26,318082.0
2019-08-27,325849.0
2019-08-28,341049.0
2019-08-29,346569.0
2019-08-30,349040.0
2019-08-31,342029.0
2019-09-01,285325.0
2019-09-02,327099.0
2019-09-03,370467.0
2019-09-04,324605.0
2019-09-05,352245.0
2019-09-06,365373.0
2019-09-07,314279.0
2019-09-08,288330.0
2019-09-09,316706.0
2019-09-10,339676.0
2019-09-11,338092.0
2019-09-12,335710.0
2019-09-13,308706.0
2019-09-14,299739.0
2019-09-15,273999.0
2019-09-16,347178.0
2019-09-17,343630.0
2019-09-18,363011.0
2019-09-19,345962.0
2019-09-20,340778.0
2019-09-21,335847.0
2019-09-22,318547.0
2019-09-23,288035.0
2019-09-24,353106.0
2019-09-25,347591.0
2019-09-26,355604.0
2019-09-27,303771.0
2019-09-28,314274.0
2019-09-29,285406.0
2019-09-30,311266.0
2019-10-01,337101.0
2019-10-02,326409.0
2019-10-03,326367.0
2019-10-04,337075.0
2019-10-05,326525.0
2019-10-06,277464.0
2019-10-07,328648.0
2019-10-08,336192.0
2019-10-09,310911.0
2019-10-10,344886.0
2019-10-11,345269.0
2019-10-12,301560.0
2019-10-13,279345.0
2019-10-14,304331.0
2019-10-15,339545.0
2019-10-16,338330.0
2019-10-17,333955.0
2019-10-18,339230.0
2019-10-19,304594.0
2019-10-20,289650.0
2019-10-21,351632.0
2019-10-22,341295.0
2019-10-23,349152.0
2019-10-24,303710.0
2019-10-25,328460.0
2019-10-26,305582.0
2019-10-27,256138.0
2019-10-28,309477.0
2019-10-29,307820.0
2019-10-30,314029.0
2019-10-31,293647.0
2019-11-01,316057.0
2019-11-02,284309.0
2019-11-03,294229.0
2019-11-04,310847.0
2019-11-05,332695.0
2019-11-06,314566.0
2019-11-07,324352.0
2019-11-08,311313.0
2019-11-09,306019.0
2019-11-10,299546.0
2019-11-11,326556.0
2019-11-12,301247.0
2019-11-13,318810.0
2019-11-14,349854.0
2019-11-15,324987.0
2019-11-16,283320.0
2019-11-17,264216.0
2019-11-18,304531.0
2019-11-19,327483.0
2019-11-20,320944.0
2019-11-21,323817.0
2019-11-22,310407.0
2019-11-23,306251.0
2019-11-24,267237.0
2019-11-25,279345.0
2019-11-26,321188.0
2019-11-27,317458.0
2019-11-28,309460.0
2019-11-29,311154.0
2019-11-30,277332.0
2019-12-01,274482.0
2019-12-02,314585.0
2019-12-03,336354.0
2019-12-04,337117.0
2019-12-05,311323.0
2019-12-06,315241.0
2019-12-07,285129.0
2019-12-08,278705.0
2019-12-09,313481.0
2019-12-10,319916.0
2019-12-11,291116.0
2019-12-12,311662.0
2019-12-13,322736.0
2019-12-14,293345.0
2019-12-15,263317.0
2019-12-16,326928.0
2019-12-17,319113.0
2019-12-18,314115.0
2019-12-19,319398.0
2019-12-20,332501.0
2019-12-21,310942.0
2019-12-22,280901.0
2019-12-23,304702.0
2019-12-24,290311.0
2019-12-25,244538.0
2019-12-26,295896.0
2019-12-27,322059.0
2019-12-28,298138.0
2019-12-29,279770.0
2019-12-30,324331.0
2019-12-31,293302.0
2020-01-01,251561.0
2020-01-02,295426.0
2020-01-03,316348.0
2020-01-04,287047.0
2020-01-05,287616.0
2020-01-06,299011.0
2020-01-07,343903.0
2020-01-08,317877.0
2020-01-09,321900.0
2020-01-10,330585.0
2020-01-11,308907.0
2020-01-12,282985.0
2020-01-13,291454.0
2020-01-14,346808.0
2020-01-15,332507.0
2020-01-16,325788.0
2020-01-17,323833.0
2020-01-18,287105.0
2020-01-19,283810.0
2020-01-20,313509.0
2020-01-21,315057.0
2020-01-22,328430.0
2020-01-23,329759.0
2020-01-24,313735.0
2020-01-25,285420.0
2020-01-26,261104.0
2020-01-27,279111.0
2020-01-28,339910.0
2020-01-29,340402.0
2020-01-30,332402.0
2020-01-31,334290.0
2020-02-01,303573.0
2020-02-02,290736.0
2020-02-03,330864.0
2020-02-04,309058.0
2020-02-05,368445.0
2020-02-06,315235.0
2020-02-07,334799.0
2020-02-08,318224.0
2020-02-09,316917.0
2020-02-10,297982.0
2020-02-11,365435.0
2020-02-12,344473.0
2020-02-13,339940.0
2020-02-14,325943.0
2020-02-15,322579.0
2020-02-16,292094.0
2020-02-17,341334.0
2020-02-18,328458.0
2020-02-19,334664.0
2020-02-20,316500.0
2020-02-21,338330.0
2020-02-22,304449.0
2020-02-23,285437.0
2020-02-24,328749.0
2020-02-25,334449.0
2020-02-26,329831.0
2020-02-27,338634.0
2020-02-28,368432.0
2020-02-29,307388.0
2020-03-01,309672.0
2020-03-02,342672.0
2020-03-03,342171.0
2020-03-04,358578.0
2020-03-05,349366.0
2020-03-06,338228.0
2020-03-07,313155.0
2020-03-08,302536.0
2020-03-09,348061.0
2020-03-10,329566.0
2020-03-11,287373.0
2020-03-12,349827.0
2020-03-13,276673.0
2020-03-14,279700.0
2020-03-15,223111.0
2020-03-16,270280.0
2020-03-17,278203.0
2020-03-18,231154.0
2020-03-19,265582.0
2020-03-20,284485.0
2020-03-21,245772.0
2020-03-22,209027.0
2020-03-23,259704.0
2020-03-24,277999.0
2020-03-25,218084.0
2020-03-26,292668.0
2020-03-27,276391.0
2020-03-28,240492.0
2020-03-29,232669.0
2020-03-30,276681.0
2020-03-31,290068.0
2020-04-01,281702.0
2020-04-02,299023.0
2020-04-03,278631.0
2020-04-04,253117.0
2020-04-05,240084.0
2020-04-06,280342.0
2020-04-07,312602.0
2020-04-08,285811.0
2020-04-09,286552.0
2020-04-10,288422.0
2020-04-11,247693.0
2020-04-12,228376.0
2020-04-13,287942.0
2020-04-14,299223.0
2020-04-15,310084.0
2020-04-16,322749.0
2020-04-17,284095.0
2020-04-18,288976.0
2020-04-19,251832.0
2020-04-20,310649.0
2020-04-21,310702.0
2020-04-22,278624.0
2020-04-23,328903.0
2020-04-24,319911.0
2020-04-25,280669.0
2020-04-26,252696.0
2020-04-27,311076.0
2020-04-28,323321.0
2020-04-29,331256.0
2020-04-30,321837.0
2020-05-01,340433.0
2020-05-02,286625.0
2020-05-03,281584.0
2020-05-04,325940.0
2020-05-05,328917.0
2020-05-06,333241.0
2020-05-07,341839.0
2020-05-08,323488.0
2020-05-09,312263.0
2020-05-10,286619.0
2020-05-11,305682.0
2020-05-12,345069.0
2020-05-13,296677.0
2020-05-14,268636.0
2020-05-15,310517.0
2020-05-16,296429.0
2020-05-17,236706.0
2020-05-18,273595.0
2020-05-19,274782.0
2020-05-20,279922.0
2020-05-21,298352.0
2020-05-22,278673.0
2020-05-23,269111.0
2020-05-24,214414.0
2020-05-25,265750.0
2020-05-26,295658.0
2020-05-27,292789.0
2020-05-28,299779.0
2020-05-29,280833.0
2020-05-30,285890.0
2020-05-31,258277.0
2020-06-01,308178.0
2020-06-02,303985.0
2020-06-03,313861.0
2020-06-04,318134.0
2020-06-05,326903.0
2020-06-06,284677.0
2020-06-07,252209.0
2020-06-08,317113.0
2020-06-09,326914.0
2020-06-10,324999.0
2020-06-11,332305.0
2020-06-12,318111.0
2020-06-13,280023.0
2020-06-14,275553.0
2020-06-15,294330.0
2020-06-16,340367.0
2020-06-17,333409.0
2020-06-18,280480.0
2020-06-19,347293.0
2020-06-20,283986.0
2020-06-21,259294.0
2020-06-22,301253.0
2020-06-23,355098.0
2020-06-24,312182.0
2020-06-25,312042.0
2020-06-26,330217.0
2020-06-27,275351.0
2020-06-28,264759.0
2020-06-29,315279.0
2020-06-30,299586.0
2020-07-01,382408.0
2020-07-02,339305.0
2020-07-03,330846.0
2020-07-04,288490.0
2020-07-05,273941.0
2020-07-06,338613.0
2020-07-07,345814.0
2020-07-08,347304.0
2020-07-09,362554.0
2020-07-10,345835.0
2020-07-11,306615.0
2020-07-12,282212.0
2020-07-13,310080.0
2020-07-14,359703.0
2020-07-15,315926.0
2020-07-16,345713.0
2020-07-17,293789.0
2020-07-18,310892.0
2020-07-19,276962.0
2020-07-20,309606.0
2020-07-21,312746.0
2020-07-22,364648.0
2020-07-23,336109.0
2020-07-24,369271.0
2020-07-25,293741.0
2020-07-26,298422.0
2020-07-27,326620.0
2020-07-28,354597.0
2020-07-29,346373.0
2020-07-30,327654.0
2020-07-31,356753.0
2020-08-01,296568.0
2020-08-02,287728.0
2020-08-03,333591.0
2020-08-04,328887.0
2020-08-05,291685.0
2020-08-06,356456.0
2020-08-07,326347.0
2020-08-08,283489.0
2020-08-09,268246.0
2020-08-10,308230.0
2020-08-11,349798.0
2020-08-12,346248.0
2020-08-13,325199.0
2020-08-14,365512.0
2020-08-15,313604.0
2020-08-16,284917.0
2020-08-17,292819.0
2020-08-18,345896.0
2020-08-19,333741.0
2020-08-20,333537.0
2020-08-21,314142.0
2020-08-22,311563.0
2020-08-23,288571.0
2020-08-24,328984.0
2020-08-25,304281.0
2020-08-26,324042.0
2020-08-27,328028.0
2020-08-28,352559.0
2020-08-29,292637.0
2020-08-30,268987.0
2020-08-31,302770.0
2020-09-01,376354.0
2020-09-02,317305.0
2020-09-03,310793.0
2020-09-04,298151.0
2020-09-05,325382.0
2020-09-06,262670.0
2020-09-07,327487.0
2020-09-08,332513.0
2020-09-09,314715.0
2020-09-10,345823.0
2020-09-11,308185.0
2020-09-12,299982.0
2020-09-13,254948.0
2020-09-14,353844.0
2020-09-15,332801.0
2020-09-16,342454.0
2020-09-17,348403.0
2020-09-18,324992.0
2020-09-19,296208.0
2020-09-20,258953.0
2020-09-21,297460.0
2020-09-22,312860.0
2020-09-23,349796.0
2020-09-24,316415.0
2020-09-25,352901.0
2020-09-26,276012.0
2020-09-27,259230.0
2020-09-28,295347.0
2020-09-29,347555.0
2020-09-30,351261.0
2020-10-01,304633.0
2020-10-02,315307.0
2020-10-03,310704.0
2020-10-04,267861.0
2020-10-05,294846.0
2020-10-06,317792.0
2020-10-07,370403.0
2020-10-08,330065.0
2020-10-09,339201.0
2020-10-10,298343.0
2020-10-11,255956.0
2020-10-12,314025.0
2020-10-13,333049.0
2020-10-14,314392.0
2020-10-15,340842.0
2020-10-16,324492.0
2020-10-17,274912.0
2020-10-18,231437.0
2020-10-19,303804.0
2020-10-20,330419.0
2020-10-21,311162.0
2020-10-22,338950.0
2020-10-23,323738.0
2020-10-24,306622.0
2020-10-25,242156.0
2020-10-26,252384.0
2020-10-27,251839.0
2020-10-28,261240.0
2020-10-29,275962.0
2020-10-30,268253.0
2020-10-31,275683.0
2020-11-01,276155.0
2020-11-02,224514.0
2020-11-03,331533.0
2020-11-04,320538.0
2020-11-05,318521.0
2020-11-06,340198.0
2020-11-07,270755.0
2020-11-08,242909.0
2020-11-09,326198.0
2020-11-10,303123.0
2020-11-11,322130.0
2020-11-12,324695.0
2020-11-13,299901.0
2020-11-14,273369.0
2020-11-15,252565.0
2020-11-16,311317.0
2020-11-17,347615.0
2020-11-18,361838.0
2020-11-19,310924.0
2020-11-20,347858.0
2020-11-21,311020.0
2020-11-22,270951.0
2020-11-23,297693.0
2020-11-24,333157.0
2020-11-25,361835.0
2020-11-26,323825.0
2020-11-27,322291.0
2020-11-28,293795.0
2020-11-29,263423.0
2020-11-30,256438.0
2020-12-01,377916.0
2020-12-02,326888.0
2020-12-03,346764.0
2020-12-04,318750.0
2020-12-05,282455.0
2020-12-06,258488.0
2020-12-07,300756.0
2020-12-08,330826.0
2020-12-09,320940.0
2020-12-10,313519.0
2020-12-11,304597.0
2020-12-12,295278.0
2020-12-13,276004.0
2020-12-14,314205.0
2020-12-15,320300.0
2020-12-16,315074.0
2020-12-17,309352.0
2020-12-18,375392.0
2020-12-19,343378.0
2020-12-20,281892.0
2020-12-21,269698.0
2020-12-22,324020.0
2020-12-23,338309.0
2020-12-24,269433.0
2020-12-25,303757.0
2020-12-26,273817.0
2020-12-27,308857.0
2020-12-28,308823.0
2020-12-29,336159.0
2020-12-30,338086.0
2020-12-31,344752.0
2021-01-01,257931.0
2021-01-02,296960.0
2021-01-03,358958.0
2021-01-04,373561.0
2021-01-05,353934.0
2021-01-06,397207.0
2021-01-07,401576.0
2021-01-08,358378.0
2021-01-09,321250.0
2021-01-10,331706.0
2021-01-11,333804.0
2021-01-12,336479.0
2021-01-13,319015.0
2021-01-14,338662.0
2021-01-15,343847.0
2021-01-16,308314.0
2021-01-17,271741.0
2021-01-18,313671.0
2021-01-19,324934.0
2021-01-20,314668.0
2021-01-21,290625.0
2021-01-22,323727.0
2021-01-23,308120.0
2021-01-24,253832.0
2021-01-25,308962.0
2021-01-26,336774.0
2021-01-27,323411.0
2021-01-28,325001.0
2021-01-29,340884.0
2021-01-30,312177.0
2021-01-31,290609.0
2021-02-01,277460.0
2021-02-02,367682.0
2021-02-03,344275.0
2021-02-04,367628.0
2021-02-05,360372.0
2021-02-06,333727.0
2021-02-07,286208.0
2021-02-08,335061.0
2021-02-09,359994.0
2021-02-10,340615.0
2021-02-11,304610.0
2021-02-12,343164.0
2021-02-13,336467.0
2021-02-14,295280.0
2021-02-15,311170.0
2021-02-16,296267.0
2021-02-17,317528.0
2021-02-18,316815.0
2021-02-19,341433.0
2021-02-20,320329.0
2021-02-21,271504.0
2021-02-22,285250.0
2021-02-23,287757.0
2021-02-24,357933.0
2021-02-25,325960.0
2021-02-26,306277.0
2021-02-27,320627.0
2021-02-28,254185.0
2021-03-01,280355.0
2021-03-02,338007.0
2021-03-03,333250.0
2021-03-04,289503.0
2021-03-05,317631.0
2021-03-06,287811.0
2021-03-07,260593.0
2021-03-08,291800.0
2021-03-09,299542.0
2021-03-10,344539.0
2021-03-11,291113.0
2021-03-12,320594.0
2021-03-13,276929.0
2021-03-14,307893.0
2021-03-15,292083.0
2021-03-16,319344.0
2021-03-17,295983.0
2021-03-18,331566.0
2021-03-19,316032.0
2021-03-20,286794.0
2021-03-21,234780.0
2021-03-22,297259.0
2021-03-23,314073.0
2021-03-24,304941.0
2021-03-25,318408.0
2021-03-26,293474.0
2021-03-27,288100.0
2021-03-28,248446.0
2021-03-29,303154.0
2021-03-30,320944.0
2021-03-31,332592.0
2021-04-01,311794.0
2021-04-02,305648.0
2021-04-03,281586.0
2021-04-04,245861.0
2021-04-05,288890.0
2021-04-06,309421.0
2021-04-07,321162.0
2021-04-08,278400.0
2021-04-09,324568.0
2021-04-10,298929.0
2021-04-11,253304.0
2021-04-12,291225.0
2021-04-13,310071.0
2021-04-14,297359.0
2021-04-15,359268.0
2021-04-16,219601.0
2021-04-17,194489.0
2021-04-18,274611.0
2021-04-19,208316.0
2021-04-20,279849.0
2021-04-21,225920.0
2021-04-22,274467.0
2021-04-23,295596.0
2021-04-24,290545.0
2021-04-25,240900.0
2021-04-26,240573.0
2021-04-27,297967.0
2021-04-28,276984.0
2021-04-29,259343.0
2021-04-30,289244.0
2021-05-01,262852.0
2021-05-02,235029.0
2021-05-03,286830.0
2021-05-04,300643.0
2021-05-05,309617.0
2021-05-06,311210.0
2021-05-07,307816.0
2021-05-08,274520.0
2021-05-09,247680.0
2021-05-10,303117.0
2021-05-11,311943.0
2021-05-12,300280.0
2021-05-13,276311.0
2021-05-14,265921.0
2021-05-15,231976.0
2021-05-16,219303.0
2021-05-17,250789.0
2021-05-18,220918.0
2021-05-19,263294.0
2021-05-20,227927.0
2021-05-21,226241.0
2021-05-22,223684.0
2021-05-23,194201.0
2021-05-24,234629.0
2021-05-25,233521.0
2021-05-26,230631.0
2021-05-27,213918.0
2021-05-28,218192.0
2021-05-29,198216.0
2021-05-30,179651.0
2021-05-31,226328.0
2021-06-01,234419.0
2021-06-02,250423.0
2021-06-03,255474.0
2021-06-04,236541.0
2021-06-05,194449.0
2021-06-06,185155.0
2021-06-07,235346.0
2021-06-08,246757.0
2021-06-09,210785.0
2021-06-10,252865.0
2021-06-11,216397.0
2021-06-12,222642.0
2021-06-13,186966.0
2021-06-14,242281.0
2021-06-15,241730.0
2021-06-16,252814.0
2021-06-17,237595.0
2021-06-18,222794.0
2021-06-19,186939.0
2021-06-20,167144.0
2021-06-21,204945.0
2021-06-22,196432.0
2021-06-23,232603.0
2021-06-24,233173.0
2021-06-25,218135.0
2021-06-26,181539.0
2021-06-27,121480.0
2021-06-28,220912.0
2021-06-29,205526.0
2021-06-30,215216.0
2021-07-01,233587.0
2021-07-02,188478.0
2021-07-03,237336.0
2021-07-04,171735.0
2021-07-05,223628.0
2021-07-06,228137.0
2021-07-07,221104.0
2021-07-08,230580.0
2021-07-09,227380.0
2021-07-10,187102.0
2021-07-11,166019.0
2021-07-12,220143.0
2021-07-13,229780.0
2021-07-14,236047.0
2021-07-15,226106.0
2021-07-16,223316.0
2021-07-17,181904.0
2021-07-18,160978.0
2021-07-19,160978.0
